EAR,EyeState
0.313667233,Open
0.320236785,Open
0.324840631,Open
0.318275803,Open
0.31221362,Open
0.320764168,Open
0.317414192,Open
0.324254295,Open
0.312121272,Open
0.317414192,Open
0.320654397,Open
0.304169176,Open
0.314809726,Open
0.322968431,Open
0.319331213,Open
0.329214379,Open
0.345757975,Open
0.33542372,Open
0.306446296,Open
0.312135364,Open
0.302147706,Open
0.314029563,Open
0.296828008,Open
0.298645531,Open
0.301597431,Open
0.300604496,Open
0.298644222,Open
0.290956025,Open
0.280763988,Open
0.294705806,Open
0.297456241,Open
0.278570162,Open
0.267718504,Open
0.278589963,Open
0.277394832,Open
0.267148065,Open
0.271063958,Open
0.249006272,Open
0.248966123,Open
0.245661547,Open
0.25325676,Open
0.259204825,Open
0.23437887,Open
0.242338341,Open
0.245610467,Open
0.247473379,Open
0.220889457,Open
0.213804677,Open
0.221468764,Open
0.232664702,Open
0.247666736,Open
0.255612552,Open
0.250898858,Open
0.248393398,Open
0.259691384,Open
0.249661661,Open
0.25177913,Open
0.259229321,Open
0.234087055,Open
0.191515126,Blink
0.149644955,Blink
0.132077973,Blink
0.160607922,Blink
0.168456656,Blink
0.180113314,Blink
0.192870971,Blink
0.202275952,Blink
0.18613747,Open
0.193122811,Open
0.190433683,Open
0.20470489,Open
0.218896319,Open
0.19808692,Open
0.214533234,Open
0.22273964,Open
0.208102227,Open
0.228954084,Open
0.231558878,Open
0.228410867,Open
0.255353163,Open
0.251804239,Open
0.257134157,Open
0.257396722,Open
0.248669388,Open
0.269340682,Open
0.268510092,Open
0.263150346,Open
0.27427937,Open
0.272220343,Open
0.259815305,Open
0.271280151,Open
0.282832916,Open
0.281979169,Open
0.271509549,Open
0.268056818,Open
0.284179606,Open
0.281118704,Open
0.28978847,Open
0.279794983,Open
0.288202711,Open
0.290796122,Open
0.294366987,Open
0.280658657,Open
0.292647977,Open
0.297590672,Open
0.289861482,Open
0.30234826,Open
0.296592346,Open
0.300817451,Open
0.30110498,Open
0.299767174,Open
0.3013128,Open
0.303960942,Open
0.302967062,Open
0.302731599,Open
0.314700067,Open
0.305154228,Open
0.291250988,Open
0.304167699,Open
0.312700879,Open
0.308801985,Open
0.321893991,Open
0.326810263,Open
0.307940375,Open
0.306593778,Open
0.324331906,Open
0.336530872,Open
0.323596009,Open
0.317114249,Open
0.314692856,Open
0.313001069,Open
0.331909517,Open
0.320691279,Open
0.332974885,Open
0.325899919,Open
0.327780392,Open
0.342125069,Open
0.331318477,Open
0.342974861,Open
0.339665412,Open
0.329076615,Open
0.342492389,Open
0.348797386,Open
0.332029574,Open
0.334490072,Open
0.331474716,Open
0.355617916,Open
0.348271546,Open
0.331943371,Open
0.329161902,Open
0.318515867,Open
0.336078436,Open
0.327108982,Open
0.327459037,Open
0.313709286,Open
0.31863737,Open
0.319835717,Open
0.329666462,Open
0.328729671,Open
0.326819018,Open
0.335359618,Open
0.339812395,Open
0.313543629,Open
0.318418973,Open
0.324950638,Open
0.3306587,Open
0.321345085,Open
0.296332912,Open
0.161705253,Blink
0.138355253,Blink
0.156301206,Blink
0.172617802,Blink
0.222509916,Open
0.251049322,Open
0.268696193,Open
0.301708191,Open
0.295011878,Open
0.287833453,Open
0.298640051,Open
0.295572013,Open
0.303178062,Open
0.312842068,Open
0.309411108,Open
0.320705576,Open
0.31906786,Open
0.307148546,Open
0.302309754,Open
0.310259333,Open
0.314846917,Open
0.309348262,Open
0.315502095,Open
0.314928823,Open
0.331373483,Open
0.318042936,Open
0.317888956,Open
0.323629989,Open
0.34273463,Open
0.317314929,Open
0.327977641,Open
0.314908889,Open
0.30706811,Open
0.32141316,Open
0.318616745,Open
0.326479517,Open
0.336328566,Open
0.332372168,Open
0.32119795,Open
0.329407787,Open
0.337357276,Open
0.338573359,Open
0.333454661,Open
0.33604696,Open
0.32854938,Open
0.32854938,Open
0.327220039,Open
0.334088173,Open
0.337204438,Open
0.320210861,Open
0.331986622,Open
0.327535323,Open
0.324684432,Open
0.319589247,Open
0.325964739,Open
0.322897653,Open
0.323944085,Open
0.268476113,Open
0.178785733,Blink
0.140206976,Blink
0.120519468,Blink
0.12239439,Blink
0.112970684,Blink
0.115931262,Blink
0.115979651,Blink
0.119279502,Blink
0.109217686,Blink
0.118211172,Blink
0.121903331,Blink
0.117012132,Blink
0.174831079,Blink
0.155614951,Blink
0.153166705,Blink
0.160163525,Blink
0.148248752,Blink
0.166417076,Blink
0.169903254,Blink
0.147775058,Blink
0.104241561,Blink
0.082764013,Blink
0.118816659,Blink
0.138658927,Blink
0.130095636,Blink
0.13015656,Blink
0.13232059,Blink
0.120658015,Blink
0.12507277,Blink
0.125079907,Blink
0.150139834,Blink
0.154542939,Blink
0.153311791,Blink
0.142326036,Blink
0.145220927,Blink
0.157813928,Blink
0.14331873,Blink
0.122232115,Blink
0.123707928,Blink
0.140077833,Blink
0.122838719,Blink
0.132676697,Blink
0.13411919,Blink
0.147840961,Blink
0.135941318,Blink
0.122195074,Blink
0.14768035,Blink
0.144773245,Blink
0.157118128,Blink
0.143376488,Blink
0.17344035,Open
0.240040394,Open
0.280461505,Open
0.303943822,Open
0.309329306,Open
0.319137848,Open
0.324544747,Open
0.346361858,Open
0.356436482,Open
0.346879071,Open
0.359881609,Open
0.361616996,Open
0.368902341,Open
0.372852174,Open
0.384898238,Open
0.360636425,Open
0.379796804,Open
0.360100584,Open
0.36759184,Open
0.369384932,Open
0.35477386,Open
0.379036729,Open
0.362215799,Open
0.373388334,Open
0.366984888,Open
0.368445302,Open
0.376026628,Open
0.377107866,Open
0.377761366,Open
0.382411795,Open
0.39229104,Open
0.376159571,Open
0.368117559,Open
0.37114739,Open
0.356744948,Open
0.353246406,Open
0.361028687,Open
0.356010371,Open
0.344287056,Open
0.353692101,Open
0.3588211,Open
0.35957782,Open
0.359139812,Open
0.354927726,Open
0.358598459,Open
0.36341452,Open
0.353011917,Open
0.366780818,Open
0.353470228,Open
0.355460661,Open
0.349466247,Open
0.372765596,Open
0.368337538,Open
0.353831419,Open
0.363533369,Open
0.379643991,Open
0.36120478,Open
0.359170026,Open
0.35977003,Open
0.369057695,Open
0.370260924,Open
0.356074253,Open
0.359899687,Open
0.369572094,Open
0.351350083,Open
0.374064128,Open
0.352945121,Open
0.354591198,Open
0.350196141,Open
0.335294724,Open
0.350784463,Open
0.354654657,Open
0.339843395,Open
0.334335807,Open
0.346639754,Open
0.330469615,Open
0.350730137,Open
0.326891318,Open
0.333752207,Open
0.337771366,Open
0.32251363,Open
0.336662276,Open
0.342630394,Open
0.357416978,Open
0.349632863,Open
0.335829555,Open
0.34654171,Open
0.334835015,Open
0.334371107,Open
0.335041976,Open
0.343072337,Open
0.346053661,Open
0.337703059,Open
0.343223739,Open
0.35500351,Open
0.354652957,Open
0.325217238,Open
0.323130982,Open
0.335776888,Open
0.314782028,Open
0.325815877,Open
0.319806172,Open
0.327457978,Open
0.340887282,Open
0.335127929,Open
0.336353251,Open
0.333944215,Open
0.329461058,Open
0.333079743,Open
0.314611679,Open
0.340006076,Open
0.323303584,Open
0.338859092,Open
0.325525732,Open
0.334485551,Open
0.342209322,Open
0.339997911,Open
0.32307058,Open
0.270251768,Open
0.292127117,Open
0.314323839,Open
0.31327467,Open
0.308045692,Open
0.329095228,Open
0.344932641,Open
0.329037254,Open
0.321404005,Open
0.311567875,Open
0.329866324,Open
0.334609696,Open
0.337154389,Open
0.318475622,Open
0.324673644,Open
0.334496893,Open
0.325592255,Open
0.337241718,Open
0.335868104,Open
0.328905335,Open
0.329731548,Open
0.348972758,Open
0.320667783,Open
0.342416186,Open
0.32552071,Open
0.331224386,Open
0.336344399,Open
0.329916313,Open
0.334939624,Open
0.326860155,Open
0.328977304,Open
0.344843945,Open
0.340993682,Open
0.323265791,Open
0.33175059,Open
0.331402823,Open
0.321996875,Open
0.332693365,Open
0.341213115,Open
0.335717737,Open
0.321112155,Open
0.32607045,Open
0.32311065,Open
0.336945679,Open
0.338678321,Open
0.330705923,Open
0.325826751,Open
0.329351737,Open
0.321991952,Open
0.324750659,Open
0.323835966,Open
0.332873651,Open
0.32163456,Open
0.318023025,Open
0.328791771,Open
0.311803368,Open
0.320207266,Open
0.326200742,Open
0.330108258,Open
0.316393035,Open
0.320228065,Open
0.31194852,Open
0.309467995,Open
0.339378017,Open
0.323258801,Open
0.325237258,Open
0.328457576,Open
0.322346236,Open
0.336070842,Open
0.32660792,Open
0.335904577,Open
0.323461016,Open
0.329128993,Open
0.33228262,Open
0.324009406,Open
0.325085723,Open
0.337888517,Open
0.339624605,Open
0.307701807,Open
0.333457435,Open
0.33052146,Open
0.327471814,Open
0.331250042,Open
0.304326134,Open
0.311018987,Open
0.317575172,Open
0.324437037,Open
0.31124786,Open
0.318754901,Open
0.323478659,Open
0.317660317,Open
0.294773177,Open
0.303883769,Open
0.318097485,Open
0.300976385,Open
0.319252791,Open
0.3255427,Open
0.323240652,Open
0.314586494,Open
0.310699608,Open
0.31637523,Open
0.323544194,Open
0.316037396,Open
0.31452981,Open
0.331980783,Open
0.33145019,Open
0.335504893,Open
0.333051807,Open
0.314235154,Open
0.318341429,Open
0.329881392,Open
0.330371652,Open
0.331737968,Open
0.335201251,Open
0.321526068,Open
0.338394518,Open
0.337257584,Open
0.32021345,Open
0.340730114,Open
0.321562839,Open
0.31725275,Open
0.319893552,Open
0.338976871,Open
0.338740923,Open
0.32576742,Open
0.317246007,Open
0.344358359,Open
0.310448721,Open
0.327305481,Open
0.331174179,Open
0.344549805,Open
0.350889839,Open
0.328958627,Open
0.348923306,Open
0.315814394,Open
0.346935339,Open
0.344954268,Open
0.33759022,Open
0.341463672,Open
0.339840802,Open
0.33854791,Open
0.355660438,Open
0.362902127,Open
0.348788936,Open
0.336212388,Open
0.339372302,Open
0.333555536,Open
0.339440625,Open
0.351875324,Open
0.330125081,Open
0.344569424,Open
0.349678273,Open
0.353419486,Open
0.35518407,Open
0.350857053,Open
0.349767614,Open
0.356863509,Open
0.351226059,Open
0.349516233,Open
0.343649435,Open
0.348043093,Open
0.358076006,Open
0.345957765,Open
0.358020762,Open
0.348766849,Open
0.34384149,Open
0.337959318,Open
0.349201694,Open
0.355185788,Open
0.349687869,Open
0.349034527,Open
0.339482783,Open
0.347624196,Open
0.322438163,Open
0.322438163,Open
0.332805096,Open
0.341274241,Open
0.350850422,Open
0.338660579,Open
0.362114536,Open
0.354888452,Open
0.347529324,Open
0.361634467,Open
0.350695652,Open
0.342645388,Open
0.356590745,Open
0.34988001,Open
0.364059116,Open
0.362644676,Open
0.343778311,Open
0.350695652,Open
0.357529639,Open
0.36764494,Open
0.352138774,Open
0.357687009,Open
0.363054997,Open
0.347624196,Open
0.356119194,Open
0.353473591,Open
0.361659586,Open
0.342993362,Open
0.348635087,Open
0.360177003,Open
0.359338054,Open
0.347461094,Open
0.347119059,Open
0.348509544,Open
0.364538315,Open
0.34497879,Open
0.353473591,Open
0.349193891,Open
0.349912978,Open
0.341776064,Open
0.351631819,Open
0.356592978,Open
0.35398426,Open
0.348729192,Open
0.356477704,Open
0.329429921,Open
0.217735799,Blink
0.204068994,Open
0.280229465,Open
0.337815575,Open
0.342279866,Open
0.366557742,Open
0.367612917,Open
0.366273825,Open
0.35429835,Open
0.363126691,Open
0.365735157,Open
0.366904816,Open
0.357450955,Open
0.363304082,Open
0.360794849,Open
0.363304847,Open
0.355850593,Open
0.357787668,Open
0.354142526,Open
0.369469596,Open
0.354544562,Open
0.355060837,Open
0.347290025,Open
0.350597593,Open
0.354212691,Open
0.352824617,Open
0.36071306,Open
0.344356417,Open
0.360075753,Open
0.361536828,Open
0.350434292,Open
0.360528656,Open
0.366036476,Open
0.367044377,Open
0.347119059,Open
0.358050888,Open
0.373682322,Open
0.343678102,Open
0.367473536,Open
0.361666548,Open
0.365167388,Open
0.361536828,Open
0.367379501,Open
0.35972539,Open
0.365709484,Open
0.370747301,Open
0.364179322,Open
0.361812431,Open
0.350366184,Open
0.358448189,Open
0.349446804,Open
0.359986561,Open
0.351872461,Open
0.356508256,Open
0.370431989,Open
0.345921902,Open
0.356088706,Open
0.365176903,Open
0.351946386,Open
0.360008203,Open
0.360366616,Open
0.365462884,Open
0.355816103,Open
0.349281778,Open
0.355841488,Open
0.351169915,Open
0.362226913,Open
0.359456155,Open
0.365151287,Open
0.356315664,Open
0.374967516,Open
0.364950468,Open
0.368570369,Open
0.365096457,Open
0.369338975,Open
0.35991344,Open
0.360508959,Open
0.361689083,Open
0.359655102,Open
0.365103224,Open
0.361716155,Open
0.339318411,Open
0.327617726,Open
0.336985211,Open
0.343965385,Open
0.34219311,Open
0.349446804,Open
0.318847001,Open
0.319082964,Open
0.338865072,Open
0.315659889,Open
0.301308339,Open
0.31168637,Open
0.306447428,Open
0.308791061,Open
0.311674881,Open
0.310279666,Open
0.306529088,Open
0.306486368,Open
0.298561917,Open
0.306466157,Open
0.309142395,Open
0.308416489,Open
0.305500813,Open
0.325355166,Open
0.317218109,Open
0.322623288,Open
0.310701121,Open
0.319352474,Open
0.326093801,Open
0.323304424,Open
0.328486216,Open
0.338749958,Open
0.329088257,Open
0.337411083,Open
0.350697875,Open
0.347998258,Open
0.347682734,Open
0.359111819,Open
0.355142151,Open
0.349947872,Open
0.355629161,Open
0.355480526,Open
0.351649658,Open
0.341623804,Open
0.340229006,Open
0.3514766,Open
0.346480742,Open
0.352952287,Open
0.351280991,Open
0.354654852,Open
0.338865072,Open
0.33709961,Open
0.330235631,Open
0.334072152,Open
0.33709961,Open
0.339079192,Open
0.344917323,Open
0.344742505,Open
0.336090714,Open
0.344407162,Open
0.330944868,Open
0.175759874,Blink
0.153147239,Blink
0.166544936,Blink
0.138582086,Blink
0.185245206,Blink
0.223113529,Open
0.27291377,Open
0.278163497,Open
0.301532825,Open
0.311424427,Open
0.323119011,Open
0.30665129,Open
0.341787468,Open
0.312242586,Open
0.330713337,Open
0.331520668,Open
0.338099722,Open
0.330505302,Open
0.330390764,Open
0.329235511,Open
0.343405071,Open
0.326775502,Open
0.330597746,Open
0.328171364,Open
0.330381134,Open
0.337744981,Open
0.34150646,Open
0.315862961,Open
0.334067603,Open
0.328524989,Open
0.339604438,Open
0.342574777,Open
0.323333514,Open
0.327030114,Open
0.339384233,Open
0.324554735,Open
0.328301646,Open
0.335873345,Open
0.348888518,Open
0.346673837,Open
0.343405071,Open
0.346822971,Open
0.345600079,Open
0.351624543,Open
0.341018772,Open
0.341454065,Open
0.339385584,Open
0.351799464,Open
0.357092129,Open
0.362691847,Open
0.333898405,Open
0.349929899,Open
0.346713009,Open
0.335656108,Open
0.351310005,Open
0.348478287,Open
0.354075913,Open
0.351160354,Open
0.362691847,Open
0.359573046,Open
0.332612753,Open
0.330235631,Open
0.329019633,Open
0.32652857,Open
0.315047834,Open
0.315721266,Open
0.317359982,Open
0.322958544,Open
0.309328441,Open
0.303896467,Open
0.307922534,Open
0.306836879,Open
0.328517526,Open
0.326773061,Open
0.337556353,Open
0.346628033,Open
0.343221905,Open
0.335304728,Open
0.343057172,Open
0.361511852,Open
0.354792747,Open
0.366741084,Open
0.339901396,Open
0.353985088,Open
0.348552186,Open
0.365764365,Open
0.35368083,Open
0.338660579,Open
0.338905722,Open
0.358004092,Open
0.327958772,Open
0.347357038,Open
0.332041269,Open
0.34266682,Open
0.322809752,Open
0.343610995,Open
0.325496673,Open
0.34707955,Open
0.336388146,Open
0.335009557,Open
0.346586672,Open
0.330778874,Open
0.331595307,Open
0.350726693,Open
0.341154841,Open
0.336657907,Open
0.33265401,Open
0.343459308,Open
0.332413488,Open
0.345493907,Open
0.346816728,Open
0.340653444,Open
0.341315311,Open
0.348789877,Open
0.351437208,Open
0.334992131,Open
0.349064169,Open
0.324593493,Open
0.320100577,Open
0.329305551,Open
0.333954075,Open
0.324723709,Open
0.338564545,Open
0.341747292,Open
0.341912181,Open
0.357506454,Open
0.334305526,Open
0.357398353,Open
0.348040691,Open
0.352108079,Open
0.358945671,Open
0.367386418,Open
0.360137018,Open
0.371254987,Open
0.371251488,Open
0.374238648,Open
0.374379793,Open
0.361857011,Open
0.371770254,Open
0.358656684,Open
0.374648476,Open
0.364923451,Open
0.366414646,Open
0.371039412,Open
0.36418982,Open
0.361532871,Open
0.364482785,Open
0.359039819,Open
0.36486031,Open
0.361063241,Open
0.35508154,Open
0.374235833,Open
0.379152339,Open
0.372045383,Open
0.377909056,Open
0.35977714,Open
0.36315181,Open
0.363410521,Open
0.361059103,Open
0.374574583,Open
0.331552595,Open
0.186417141,Blink
0.172389694,Blink
0.19471026,Blink
0.228973996,Blink
0.287000901,Open
0.310190052,Open
0.332142702,Open
0.348389531,Open
0.334609233,Open
0.346806927,Open
0.354544562,Open
0.356452585,Open
0.340300616,Open
0.353218027,Open
0.363005847,Open
0.366901801,Open
0.372970535,Open
0.358404695,Open
0.371260928,Open
0.356781965,Open
0.374069169,Open
0.371377049,Open
0.358404695,Open
0.336995772,Open
0.349849909,Open
0.350165283,Open
0.353547407,Open
0.348134088,Open
0.372357757,Open
0.344073896,Open
0.359246965,Open
0.369683464,Open
0.361979379,Open
0.357851731,Open
0.341874221,Open
0.349363735,Open
0.357851731,Open
0.377403192,Open
0.363256156,Open
0.36145124,Open
0.357691523,Open
0.365191884,Open
0.371040993,Open
0.367922542,Open
0.355903693,Open
0.36670291,Open
0.363256156,Open
0.367291834,Open
0.373265457,Open
0.358090854,Open
0.372261192,Open
0.363763948,Open
0.352296555,Open
0.36577388,Open
0.363106506,Open
0.372109363,Open
0.359392589,Open
0.363305307,Open
0.362845705,Open
0.36837604,Open
0.372198388,Open
0.372054105,Open
0.35949406,Open
0.384285814,Open
0.373173231,Open
0.378860707,Open
0.368225241,Open
0.363256156,Open
0.358030833,Open
0.37823589,Open
0.360490491,Open
0.357135113,Open
0.362956223,Open
0.362845705,Open
0.367625367,Open
0.349363735,Open
0.371040993,Open
0.363106506,Open
0.371374527,Open
0.363256156,Open
0.358995622,Open
0.363106506,Open
0.388660274,Open
0.342337839,Open
0.352893614,Open
0.348413998,Open
0.353704271,Open
0.349929899,Open
0.349847973,Blink
0.359799837,Blink
0.354551121,Blink
0.348913089,Blink
0.339097955,Blink
0.340820167,Blink
0.358082014,Blink
0.331894126,Open
0.355643977,Open
0.353764071,Open
0.32677539,Open
0.363555973,Open
0.347591789,Open
0.324486071,Open
0.342168527,Open
0.342405138,Open
0.346375059,Open
0.365524659,Blink
0.354658854,Blink
0.34943166,Blink
0.357881027,Blink
0.331623949,Blink
0.342405138,Blink
0.341951846,Blink
0.341951846,Blink
0.352523484,Open
0.34212088,Open
0.352446205,Open
0.349577646,Open
0.335753297,Open
0.36244787,Open
0.349593946,Open
0.361585409,Open
0.342348643,Open
0.343799068,Open
0.340643984,Open
0.331865187,Open
0.351024973,Open
0.346382387,Open
0.359952841,Open
0.361928255,Open
0.364386501,Open
0.37343622,Open
0.354697789,Open
0.351174623,Open
0.364963519,Open
0.34387115,Open
0.32379981,Open
0.354235203,Open
0.353140691,Open
0.359855282,Open
0.344031321,Open
0.33905493,Open
0.358720821,Open
0.344432143,Open
0.332193658,Open
0.353005885,Open
0.332361251,Open
0.361724219,Open
0.365048731,Open
0.358414936,Open
0.369036844,Open
0.34916671,Open
0.327103217,Open
0.3481137,Open
0.346198402,Open
0.335915961,Open
0.355310254,Blink
0.355291057,Blink
0.346869397,Blink
0.370399568,Blink
0.351624543,Blink
0.344223752,Open
0.349162404,Open
0.336971214,Open
0.337376189,Open
0.337367364,Open
0.364172029,Open
0.321910745,Open
0.33016537,Open
0.336029764,Open
0.338661927,Open
0.342814307,Open
0.342043255,Open
0.349363735,Open
0.355118561,Open
0.3418845,Open
0.370614678,Open
0.367900861,Open
0.372525688,Open
0.363705623,Open
0.377609893,Open
0.381906603,Open
0.365852332,Open
0.358172987,Open
0.368652735,Open
0.367441484,Open
0.348989885,Open
0.377927921,Open
0.375261519,Open
0.366311709,Open
0.267024845,Blink
0.185578486,Blink
0.205725229,Blink
0.205717581,Blink
0.194205705,Blink
0.247676164,Blink
0.297156513,Blink
0.317785272,Open
0.325455451,Open
0.344964089,Open
0.341802679,Open
0.34979479,Open
0.348999186,Open
0.351181041,Open
0.325504373,Open
0.336262474,Open
0.323389533,Open
0.170818456,Blink
0.166408524,Blink
0.16854384,Blink
0.179780966,Blink
0.188488257,Blink
0.175992311,Blink
0.250469704,Blink
0.271971519,Open
0.271732232,Open
0.304266256,Open
0.299122596,Open
0.294902402,Open
0.287186317,Open
0.336051255,Open
0.359642966,Open
0.345756287,Open
0.349439541,Open
0.361595239,Open
0.349957048,Open
0.34441287,Open
0.333275713,Open
0.348103576,Open
0.346168058,Open
0.340838974,Open
0.335473537,Open
0.340104371,Open
0.333445152,Open
0.330988274,Open
0.339679026,Open
0.34138907,Open
0.346966899,Open
0.347123432,Open
0.329642464,Open
0.344535733,Open
0.339256207,Open
0.334424445,Open
0.336319966,Open
0.35117156,Open
0.348564947,Open
0.346170377,Open
0.345084995,Open
0.35141344,Open
0.346674334,Open
0.362522172,Open
0.345163859,Open
0.34844199,Open
0.348978832,Open
0.35897806,Open
0.329171106,Open
0.344422614,Open
0.236147202,Blink
0.171671343,Blink
0.158725016,Blink
0.21875936,Blink
0.258522191,Open
0.290749861,Open
0.303847378,Open
0.333710082,Open
0.328427472,Open
0.331383032,Open
0.348160858,Open
0.340953368,Open
0.351917348,Open
0.361615002,Open
0.349833356,Open
0.349371268,Open
0.353976733,Open
0.364405138,Open
0.370540859,Open
0.375785441,Open
0.363244672,Open
0.379257334,Open
0.370386059,Open
0.375650892,Open
0.36067644,Open
0.350708953,Open
0.240001688,Blink
0.151835075,Blink
0.129540785,Blink
0.167953,Blink
0.237563963,Blink
0.27981,Open
0.301573896,Open
0.347138406,Open
0.353860744,Open
0.349716334,Open
0.343784852,Open
0.355519194,Open
0.341997772,Open
0.357807771,Open
0.354356149,Open
0.350713947,Open
0.351186175,Open
0.335521035,Open
0.356446985,Open
0.33376231,Open
0.352727742,Open
0.345707928,Open
0.348900373,Open
0.335372439,Open
0.343488661,Open
0.350504786,Open
0.343752679,Open
0.339950696,Open
0.344015842,Open
0.328786062,Open
0.348806178,Open
0.330250981,Open
0.323510382,Open
0.357034904,Open
0.345351928,Open
0.326804136,Open
0.339010975,Open
0.321519144,Open
0.324404109,Open
0.33388154,Open
0.332993596,Open
0.33214958,Open
0.210140676,Blink
0.15230743,Blink
0.177792417,Blink
0.17939743,Blink
0.194518537,Blink
0.234605689,Blink
0.2339217,Blink
0.262647582,Open
0.269589641,Open
0.288389158,Open
0.266203663,Open
0.268723935,Open
0.288988491,Open
0.310343607,Open
0.304901523,Open
0.326324532,Open
0.320681237,Open
0.33520723,Open
0.335238605,Open
0.333515526,Open
0.340514528,Open
0.343923149,Open
0.349754938,Open
0.347354212,Open
0.347318055,Open
0.345920064,Open
0.336721998,Open
0.348656668,Open
0.331754053,Open
0.355740203,Open
0.349323298,Open
0.365382923,Open
0.352605255,Open
0.348213669,Open
0.345585834,Open
0.338162803,Open
0.336125239,Open
0.340196671,Open
0.336600294,Open
0.355499949,Open
0.351008436,Open
0.355014713,Open
0.3525199,Open
0.289703721,Blink
0.199208601,Blink
0.175195471,Blink
0.224204898,Blink
0.269249448,Open
0.334732984,Open
0.340565053,Open
0.354974776,Open
0.326346677,Open
0.347482931,Open
0.352888342,Open
0.348971194,Open
0.329732664,Open
0.378854467,Open
0.345108991,Open
0.326236156,Open
0.374909962,Open
0.334971183,Open
0.340229006,Open
0.343717842,Open
0.342057846,Open
0.363025265,Open
0.362965618,Open
0.368226011,Open
0.393459725,Open
0.375807847,Open
0.377244135,Open
0.378720165,Open
0.37796911,Open
0.368111631,Open
0.384742628,Open
0.364224085,Open
0.372045632,Open
0.364941182,Open
0.368526444,Open
0.368839894,Open
0.373230308,Open
0.364482785,Open
0.374616593,Open
0.374738465,Open
0.365999352,Open
0.374819342,Open
0.376585724,Open
0.350545888,Open
0.345834274,Open
0.331533068,Open
0.347682542,Open
0.355876802,Open
0.338770337,Open
0.344059286,Open
0.344009782,Open
0.350848866,Open
0.333254295,Open
0.346022009,Open
0.335115853,Open
0.328606479,Open
0.320054777,Open
0.332232534,Open
0.328244448,Open
0.333603333,Open
0.340394142,Open
0.333737617,Open
0.337037526,Open
0.327117945,Open
0.337262531,Open
0.326979633,Open
0.325424853,Open
0.316312391,Open
0.319320379,Open
0.333683982,Open
0.300497869,Open
0.311033599,Open
0.305794775,Open
0.316385085,Open
0.335330297,Open
0.306904679,Open
0.327089194,Open
0.319221068,Open
0.317485559,Open
0.322719397,Open
0.315489872,Open
0.301155992,Open
0.309872854,Open
0.312340272,Open
0.290557469,Open
0.298203188,Open
0.29924682,Open
0.303514055,Open
0.302627983,Open
0.302360809,Open
0.310724329,Open
0.316228009,Open
0.307466742,Open
0.307551519,Open
0.324654567,Open
0.317893313,Open
0.310163817,Open
0.304491726,Open
0.320649472,Open
0.320807818,Open
0.315741138,Open
0.320826541,Open
0.315754318,Open
0.328395817,Open
0.317327214,Open
0.31417156,Open
0.315701884,Open
0.291233947,Open
0.299076393,Open
0.295962784,Open
0.285587271,Open
0.295950407,Open
0.285763555,Open
0.302271957,Open
0.299356917,Open
0.291879905,Open
0.310245442,Open
0.299140081,Open
0.310203267,Open
0.296698382,Open
0.310047281,Open
0.293797885,Open
0.307098542,Open
0.302311561,Open
0.291636066,Open
0.298865447,Open
0.298865447,Open
0.310211742,Open
0.299140081,Open
0.312152778,Open
0.303627804,Open
0.306912807,Open
0.29489827,Open
0.301357251,Open
0.288229556,Open
0.293737187,Open
0.285350266,Open
0.288433791,Open
0.299527926,Open
0.28826658,Open
0.304671386,Open
0.310013582,Open
0.28826658,Open
0.296954011,Open
0.298203188,Open
0.302179599,Open
0.305724457,Open
0.325042799,Open
0.328600243,Open
0.319867879,Open
0.331937105,Open
0.332257047,Open
0.329135064,Open
0.342199855,Open
0.342095597,Open
0.341637309,Open
0.331241457,Open
0.339161906,Open
0.314955162,Open
0.331298238,Open
0.229324593,Blink
0.172505112,Blink
0.163145892,Blink
0.120175531,Blink
0.156027121,Blink
0.138428256,Blink
0.146904637,Blink
0.152966098,Blink
0.168977427,Blink
0.203543197,Blink
0.224636036,Blink
0.268337576,Open
0.283426062,Open
0.314181731,Open
0.306144775,Open
0.326809842,Open
0.317187311,Open
0.326404833,Open
0.319330986,Open
0.319633481,Open
0.321184578,Open
0.314394379,Open
0.334776913,Open
0.314569545,Open
0.326341413,Open
0.313601026,Open
0.313753453,Open
0.311872805,Open
0.31221713,Open
0.300380487,Open
0.312031717,Open
0.308081974,Open
0.312748111,Open
0.32435258,Open
0.316835592,Open
0.31221713,Open
0.307347592,Open
0.29830542,Open
0.313692005,Open
0.315059556,Open
0.30832439,Open
0.267366582,Blink
0.172610639,Blink
0.165711127,Blink
0.170788922,Blink
0.215138844,Blink
0.276894976,Open
0.287675078,Open
0.315904398,Open
0.310993864,Open
0.292868574,Open
0.298590549,Open
0.311296603,Open
0.314181731,Open
0.311656352,Open
0.29964471,Open
0.332356123,Open
0.319387478,Open
0.335080068,Open
0.342443701,Open
0.336332623,Open
0.335294724,Open
0.317318935,Open
0.343722512,Open
0.330172933,Open
0.328354734,Open
0.330625921,Open
0.316077616,Open
0.328229857,Open
0.342942839,Open
0.338339214,Open
0.349199604,Open
0.343714853,Open
0.348947099,Open
0.355368099,Open
0.340635983,Open
0.357441296,Open
0.343225471,Open
0.349260941,Open
0.358465717,Open
0.365904971,Open
0.363343853,Open
0.354483797,Open
0.348733154,Open
0.364984019,Open
0.359308568,Open
0.353608876,Open
0.340798303,Open
0.331496486,Open
0.336434504,Open
0.32861839,Open
0.33320644,Open
0.341325551,Open
0.326053871,Open
0.332148672,Open
0.33791,Open
0.346723671,Open
0.328723537,Open
0.336187074,Open
0.326995163,Open
0.346010349,Open
0.347204501,Open
0.350136252,Open
0.351238515,Open
0.361199846,Open
0.362732653,Open
0.371620909,Open
0.365591637,Open
0.364304865,Open
0.366149831,Open
0.373115197,Open
0.365905484,Open
0.372084468,Open
0.365031791,Open
0.355397323,Open
0.367389203,Open
0.362366194,Open
0.354118152,Open
0.37428476,Open
0.365558946,Open
0.359761094,Open
0.365558946,Open
0.34996222,Open
0.354409394,Open
0.363733686,Open
0.3487701,Open
0.354178978,Open
0.372829006,Open
0.361432778,Open
0.369572834,Open
0.36637662,Open
0.359220864,Open
0.356331024,Open
0.363733686,Open
0.369789766,Open
0.365717602,Open
0.365717602,Open
0.359777433,Open
0.368305895,Open
0.369530446,Open
0.367551638,Open
0.364195909,Open
0.364832514,Open
0.358418216,Open
0.372215303,Open
0.358717256,Open
0.366079675,Open
0.359706652,Open
0.360526255,Open
0.380831174,Open
0.365347108,Open
0.382591336,Open
0.364055408,Open
0.367097124,Open
0.386079522,Open
0.363168423,Open
0.370858293,Open
0.35300356,Open
0.203507822,Blink
0.207511007,Blink
0.250676725,Blink
0.300252521,Blink
0.338826905,Open
0.353255631,Open
0.347988238,Open
0.348146545,Open
0.362224475,Open
0.355288763,Open
0.368794122,Open
0.361508409,Open
0.366469648,Open
0.361962461,Open
0.366996208,Open
0.374840562,Open
0.351796858,Open
0.371494199,Open
0.380897803,Open
0.371211351,Open
0.369519875,Open
0.378754337,Open
0.37267641,Open
0.374250599,Open
0.364682757,Open
0.364361743,Open
0.363564478,Open
0.370746926,Open
0.368162664,Open
0.371740166,Open
0.363644719,Open
0.366338708,Open
0.365498904,Open
0.38486255,Open
0.371649825,Open
0.375495564,Open
0.36771221,Open
0.372355251,Open
0.363733552,Open
0.377280777,Open
0.366565349,Open
0.370297514,Open
0.370737119,Open
0.379304028,Open
0.36668156,Open
0.365905484,Open
0.365900155,Open
0.371037358,Open
0.376252735,Open
0.369572593,Open
0.364889683,Open
0.370273968,Open
0.354418566,Open
0.372557481,Open
0.369780449,Open
0.359443893,Open
0.373011533,Open
0.367881005,Open
0.248634051,Blink
0.226297396,Blink
0.264453127,Blink
0.324765649,Blink
0.343223739,Open
0.361045647,Open
0.365809154,Open
0.365657627,Open
0.378986592,Open
0.37197845,Open
0.362123495,Open
0.373406943,Open
0.372719454,Open
0.362375001,Open
0.365098956,Open
0.375495564,Open
0.376225711,Open
0.360498553,Open
0.3711829,Open
0.364214976,Open
0.360498553,Open
0.369804594,Open
0.366490135,Open
0.364112578,Open
0.364851448,Open
0.363704183,Open
0.364851448,Open
0.364370291,Open
0.373955906,Open
0.355523741,Open
0.370227835,Open
0.366518041,Open
0.377251484,Open
0.375951539,Open
0.372548893,Open
0.38129332,Open
0.371977178,Open
0.380109206,Open
0.371546171,Open
0.388106605,Open
0.366287825,Open
0.367482907,Open
0.37197845,Open
0.370227835,Open
0.361223679,Open
0.366469648,Open
0.36575332,Open
0.361745027,Open
0.360555942,Open
0.377449352,Open
0.366354207,Open
0.371213306,Open
0.364370291,Open
0.375925926,Open
0.364889683,Open
0.368409177,Open
0.376274963,Open
0.381827937,Open
0.38184973,Open
0.366518041,Open
0.391381753,Open
0.38145989,Open
0.367241535,Open
0.284543844,Blink
0.182707873,Blink
0.215831802,Blink
0.278450437,Blink
0.307469387,Blink
0.336332623,Open
0.360280503,Open
0.355829875,Open
0.361402141,Open
0.37777436,Open
0.380954744,Open
0.380954744,Open
0.366944187,Open
0.366518041,Open
0.378057316,Open
0.361324231,Open
0.38485648,Open
0.376814737,Open
0.365905484,Open
0.375495564,Open
0.380695207,Open
0.374688608,Open
0.375453029,Open
0.382253521,Open
0.376703989,Open
0.376725857,Open
0.381530026,Open
0.382721309,Open
0.380633774,Open
0.372697353,Open
0.381927821,Open
0.369738517,Open
0.369959595,Open
0.37060943,Open
0.374082389,Open
0.379971338,Open
0.372701945,Open
0.370185301,Open
0.385298117,Open
0.383263093,Open
0.368614422,Open
0.375427479,Open
0.356656236,Open
0.371339979,Open
0.375798683,Open
0.367862003,Open
0.381488295,Open
0.377973229,Open
0.362738062,Open
0.37867972,Open
0.378143037,Open
0.372631736,Open
0.377347876,Open
0.383332764,Open
0.371748659,Open
0.3819342,Open
0.384294918,Open
0.381394271,Open
0.386046937,Open
0.375798683,Open
0.365297212,Open
0.382609342,Open
0.236327811,Blink
0.172088492,Blink
0.202165947,Blink
0.243194485,Blink
0.306678613,Blink
0.322241682,Open
0.365751264,Open
0.344790092,Open
0.354358692,Open
0.378181336,Open
0.372442875,Open
0.386736052,Open
0.37777436,Open
0.380791182,Open
0.343552485,Open
0.354525866,Open
0.359570732,Open
0.35230379,Open
0.352219953,Open
0.357070873,Open
0.346997098,Open
0.368875221,Open
0.36771221,Open
0.363487601,Open
0.309910936,Blink
0.188672988,Blink
0.175688859,Blink
0.205670091,Blink
0.244723056,Blink
0.282799677,Blink
0.291496848,Open
0.290706367,Open
0.324007252,Open
0.300413079,Open
0.302996787,Open
0.311913671,Open
0.310817843,Open
0.294996161,Open
0.310427054,Open
0.305021614,Open
0.302034757,Open
0.292116534,Open
0.319554858,Open
0.298689086,Open
0.322777195,Open
0.30573217,Open
0.292890722,Open
0.186972391,Blink
0.167833285,Blink
0.172255841,Blink
0.150579804,Blink
0.148928829,Blink
0.199842775,Blink
0.221631151,Blink
0.263431619,Blink
0.253797811,Blink
0.273929574,Open
0.277035416,Open
0.292619564,Open
0.286980511,Open
0.292612047,Open
0.290795426,Open
0.301748844,Open
0.320705903,Open
0.354987235,Open
0.349240937,Open
0.361580308,Open
0.360417411,Open
0.366780294,Open
0.370638993,Open
0.388940277,Open
0.370159968,Open
0.381621437,Open
0.366874572,Open
0.367725592,Open
0.378261953,Open
0.381756688,Open
0.369007903,Open
0.371339682,Open
0.386409543,Open
0.361648569,Open
0.355910603,Open
0.377136868,Open
0.366947066,Open
0.382088087,Open
0.371856433,Open
0.362217402,Open
0.364405109,Open
0.357163603,Open
0.362219565,Open
0.378530474,Open
0.356420433,Open
0.366812923,Open
0.364409502,Open
0.356417574,Open
0.376045617,Open
0.375748683,Open
0.367763887,Open
0.364851448,Open
0.359433066,Open
0.378146196,Open
0.361284491,Open
0.365263093,Open
0.362027662,Open
0.366205316,Open
0.362665168,Open
0.360207912,Open
0.349333202,Open
0.364409502,Open
0.355702989,Open
0.355242442,Open
0.344936001,Open
0.3471887,Open
0.353482506,Open
0.353041792,Open
0.351531504,Open
0.351531504,Open
0.341073314,Open
0.361290975,Open
0.355837327,Open
0.346884332,Open
0.350992586,Open
0.346204179,Open
0.345810912,Open
0.350459276,Open
0.348575015,Open
0.347489188,Open
0.344614879,Open
0.340466134,Open
0.34284521,Open
0.345716489,Open
0.334127532,Open
0.344022915,Open
0.343943713,Open
0.350352887,Open
0.336115333,Open
0.341449186,Open
0.344113092,Open
0.338134621,Open
0.349920619,Open
0.344147979,Open
0.343221975,Open
0.338254527,Open
0.342757008,Open
0.339496645,Open
0.342739811,Open
0.330818183,Open
0.342448847,Open
0.345325423,Open
0.351531095,Open
0.342030704,Open
0.343704139,Open
0.346476571,Open
0.354399577,Open
0.344790092,Open
0.350925017,Open
0.354153161,Open
0.215823426,Blink
0.160158876,Blink
0.210122349,Blink
0.264998037,Blink
0.302835085,Open
0.324991983,Open
0.332987063,Open
0.338954967,Open
0.340460973,Open
0.346712708,Open
0.330589163,Open
0.34035354,Open
0.341987842,Open
0.336443131,Open
0.326240276,Open
0.328982846,Open
0.341449186,Open
0.193829772,Blink
0.170147018,Blink
0.163937139,Blink
0.159514358,Blink
0.182921392,Blink
0.188366197,Blink
0.232862953,Blink
0.238604501,Open
0.218510984,Open
0.236881681,Open
0.257298389,Open
0.271874534,Open
0.242037825,Open
0.263796042,Open
0.273635905,Open
0.237613094,Open
0.252692849,Open
0.24026416,Open
0.238360523,Open
0.247349199,Open
0.242947182,Open
0.239733532,Open
0.219381187,Open
0.238559897,Open
0.258640958,Open
0.269027122,Open
0.275062248,Open
0.252806248,Open
0.254485435,Open
0.270876,Open
0.251717019,Open
0.254251067,Open
0.289272504,Open
0.290246716,Open
0.268814691,Open
0.322593282,Open
0.309524392,Open
0.288035123,Open
0.292720901,Open
0.281120336,Open
0.275332602,Open
0.297823371,Open
0.29087973,Open
0.238042693,Blink
0.208932298,Blink
0.172085203,Blink
0.18201098,Blink
0.253612097,Blink
0.277023235,Blink
0.293147754,Open
0.311541301,Open
0.340373862,Open
0.300830679,Open
0.303024919,Open
0.310953949,Open
0.212149101,Blink
0.167236562,Blink
0.192694272,Blink
0.239808012,Blink
0.2985175,Open
0.292012245,Open
0.323843071,Open
0.305580409,Open
0.33196182,Open
0.316825367,Open
0.320900896,Open
0.336934143,Open
0.321714822,Open
0.327857032,Open
0.323217115,Open
0.34725877,Open
0.356715062,Open
0.318315429,Open
0.321736321,Open
0.320176057,Open
0.316167913,Open
0.324991983,Open
0.303122448,Open
0.346408263,Open
0.34412711,Open
0.341698331,Open
0.346889736,Open
0.350888236,Open
0.350228123,Open
0.356094771,Open
0.350613467,Open
0.365203472,Open
0.360012697,Open
0.359384313,Open
0.364311876,Open
0.366490135,Open
0.356956403,Open
0.367653284,Open
0.370711247,Open
0.364191713,Open
0.366034771,Open
0.346979625,Open
0.354945221,Open
0.360891971,Open
0.36152187,Open
0.361758585,Open
0.369620407,Open
0.371624798,Open
0.35053503,Open
0.366205316,Open
0.359984157,Open
0.361700534,Open
0.347730447,Open
0.357506867,Open
0.350352809,Open
0.366776158,Open
0.371254501,Open
0.363264391,Open
0.354279021,Open
0.367068044,Open
0.363084889,Open
0.36001939,Open
0.368461276,Open
0.366035788,Open
0.365923076,Open
0.366621341,Open
0.340438533,Open
0.348114594,Open
0.335026019,Open
0.346714802,Open
0.35980256,Open
0.355834361,Open
0.345619162,Open
0.355357497,Open
0.334431457,Open
0.348758773,Open
0.354200946,Open
0.361758585,Open
0.348666329,Open
0.353342805,Open
0.345325423,Open
0.352053564,Open
0.344354423,Open
0.340310598,Open
0.346949584,Open
0.340348282,Open
0.352147783,Open
0.340128758,Open
0.355048009,Open
0.35879681,Open
0.365710617,Open
0.342739684,Open
0.347587143,Open
0.338652216,Open
0.344586767,Open
0.356239153,Open
0.347259162,Open
0.353824969,Open
0.348626838,Open
0.345000775,Open
0.345337442,Open
0.340504669,Open
0.34849216,Open
0.344395569,Open
0.350674654,Open
0.215836865,Blink
0.175949896,Blink
0.187996708,Blink
0.281363786,Blink
0.305058083,Open
0.316238154,Open
0.320649403,Open
0.327227362,Open
0.327344985,Open
0.333971143,Open
0.326751489,Open
0.330860921,Open
0.32808278,Open
0.333577963,Open
0.327020587,Open
0.337510621,Open
0.334060127,Open
0.333516982,Open
0.341507344,Open
0.313484651,Open
0.340315946,Open
0.33758918,Open
0.340944066,Open
0.328905371,Open
0.325735343,Open
0.325304079,Open
0.342503894,Open
0.338134621,Open
0.336831184,Open
0.340851864,Open
0.32290448,Open
0.321682074,Open
0.341835314,Open
0.329782816,Open
0.326975437,Open
0.322045049,Open
0.337649406,Open
0.335309733,Open
0.339130751,Open
0.332159358,Open
0.335986714,Open
0.336283592,Open
0.334932188,Open
0.326304001,Open
0.333128949,Open
0.32373594,Open
0.328003371,Open
0.333954369,Open
0.325353678,Open
0.316131946,Open
0.318448907,Open
0.333222389,Open
0.327570685,Open
0.336576305,Open
0.327570685,Open
0.334064649,Open
0.332682085,Open
0.328336467,Open
0.329782816,Open
0.338170123,Open
0.348184165,Open
0.34536403,Open
0.345640283,Open
0.344790092,Open
0.344881474,Open
0.331358488,Open
0.349333202,Open
0.350995241,Open
0.330753812,Open
0.329804834,Open
0.331196967,Open
0.32593068,Open
0.330928023,Open
0.329996739,Open
0.338254527,Open
0.345881014,Open
0.342338326,Open
0.331689103,Open
0.326545989,Open
0.338091139,Open
0.33704523,Open
0.3307704,Open
0.322713969,Open
0.332939016,Open
0.33886422,Open
0.338200465,Open
0.338974075,Open
0.335494454,Open
0.332132818,Open
0.349959813,Open
0.305408775,Open
0.306983527,Open
0.308884495,Open
0.310040705,Open
0.297381566,Open
0.312292771,Open
0.318002731,Open
0.313064961,Open
0.29505344,Open
0.309421247,Open
0.291611596,Open
0.320806848,Open
0.304956041,Open
0.329804834,Open
0.325344825,Open
0.326545989,Open
0.33425135,Open
0.335682724,Open
0.327598445,Open
0.311887794,Open
0.32534854,Open
0.329881392,Open
0.330458755,Open
0.328543675,Open
0.334005173,Open
0.342026449,Open
0.345900031,Open
0.35519428,Open
0.343795287,Open
0.315387914,Open
0.345938638,Open
0.31670386,Open
0.295851403,Open
0.31668834,Open
0.319959334,Open
0.314018713,Open
0.327489404,Open
0.312438642,Open
0.303562657,Open
0.304036414,Open
0.32117834,Open
0.311408458,Open
0.315341773,Open
0.309053407,Open
0.310794148,Open
0.323171281,Open
0.312162553,Open
0.312298699,Open
0.306201081,Open
0.333390518,Open
0.3133554,Open
0.312743886,Open
0.298496516,Open
0.306876028,Open
0.305456231,Open
0.32436971,Open
0.311493152,Open
0.325279191,Open
0.325841463,Open
0.333327518,Open
0.306364392,Open
0.303312749,Open
0.297763094,Open
0.239238186,Blink
0.174028809,Blink
0.162135493,Blink
0.154785985,Blink
0.196689677,Blink
0.244249853,Blink
0.291664031,Open
0.304701759,Open
0.313491723,Open
0.309052084,Open
0.326688611,Open
0.3395191,Open
0.35223155,Open
0.357646762,Open
0.345159453,Open
0.35424765,Open
0.361246482,Open
0.344790092,Open
0.356869656,Open
0.359313082,Open
0.354120334,Open
0.356955824,Open
0.35996336,Open
0.370885927,Open
0.358821248,Open
0.364145009,Open
0.359821154,Open
0.346737583,Open
0.35642991,Open
0.368554052,Open
0.360417411,Open
0.35995906,Open
0.370017272,Open
0.367687318,Open
0.360413112,Open
0.362595107,Open
0.365868054,Open
0.362774351,Open
0.356869656,Open
0.358264647,Open
0.362535897,Open
0.358264647,Open
0.358781853,Open
0.377344322,Open
0.355569183,Open
0.361375657,Open
0.372240531,Open
0.341853824,Open
0.357865023,Open
0.351070674,Open
0.365337528,Open
0.357671768,Open
0.356213303,Open
0.36400122,Open
0.35342918,Open
0.366127544,Open
0.356518041,Open
0.354075127,Open
0.370017272,Open
0.364667333,Open
0.365751264,Open
0.360413112,Open
0.363429838,Open
0.364366243,Open
0.359866349,Open
0.363490087,Open
0.370014004,Open
0.348975849,Open
0.357217716,Open
0.357819723,Open
0.370884258,Open
0.37105055,Open
0.361758585,Open
0.365712398,Open
0.367861956,Open
0.372895957,Open
0.383325168,Open
0.37789652,Open
0.279287651,Blink
0.190283844,Blink
0.197881347,Blink
0.265561681,Blink
0.309162228,Open
0.324759892,Open
0.338606803,Open
0.35277724,Open
0.34839462,Open
0.351947426,Open
0.345000115,Open
0.367911275,Open
0.350464837,Open
0.357001105,Open
0.355617916,Open
0.374802807,Open
0.365467547,Open
0.373522276,Open
0.353513286,Open
0.366275101,Open
0.373949257,Open
0.354647132,Open
0.358673014,Open
0.367503795,Open
0.344569024,Open
0.373209005,Open
0.365206904,Open
0.356766961,Open
0.364342411,Open
0.358493665,Open
0.35838543,Open
0.35247544,Open
0.368633507,Open
0.373541177,Open
0.355382358,Open
0.356524414,Open
0.357245752,Open
0.35182221,Open
0.363383198,Open
0.365683637,Open
0.351135295,Open
0.336752685,Open
0.35290769,Open
0.354371465,Open
0.350867854,Open
0.343430483,Open
0.335458193,Open
0.365835867,Open
0.359491239,Open
0.359462552,Open
0.377596753,Open
0.351829244,Open
0.36075091,Open
0.3714551,Open
0.368654712,Open
0.36580977,Open
0.362243282,Open
0.353764715,Open
0.346194877,Open
0.355762493,Open
0.355579049,Open
0.3555416,Open
0.371007727,Open
0.367017678,Open
0.367787429,Open
0.347692263,Open
0.35734938,Open
0.339892656,Open
0.36526637,Open
0.34313066,Open
0.335869849,Open
0.34166216,Open
0.341487629,Open
0.337504532,Open
0.336437794,Open
0.330402817,Open
0.335421733,Open
0.322153075,Open
0.331230578,Open
0.336450048,Open
0.323912163,Open
0.335717314,Open
0.335924029,Open
0.347251432,Open
0.346856287,Open
0.318291332,Open
0.330611825,Open
0.316977468,Open
0.319361706,Open
0.324587182,Open
0.325368958,Open
0.313690834,Open
0.315488413,Open
0.303404842,Open
0.315020905,Open
0.310812986,Open
0.311350307,Open
0.330098061,Open
0.295000858,Open
0.305536232,Open
0.325831812,Open
0.323885461,Open
0.312941523,Open
0.316627062,Open
0.333835842,Open
0.323925993,Open
0.320564175,Open
0.331105525,Open
0.311432044,Open
0.314966109,Open
0.311925543,Open
0.314848931,Open
0.327627496,Open
0.309689355,Open
0.331426836,Open
0.325679608,Open
0.182033166,Blink
0.113657944,Blink
0.120541436,Blink
0.141368197,Blink
0.222657666,Blink
0.256090949,Blink
0.288923936,Open
0.293649746,Open
0.290477071,Open
0.306609012,Open
0.290857678,Open
0.29273246,Open
0.31246329,Open
0.290676066,Open
0.287738167,Open
0.288474156,Open
0.2931568,Open
0.31386971,Open
0.303664871,Open
0.313481964,Open
0.298250957,Open
0.298024242,Open
0.310077895,Open
0.292624777,Open
0.303071952,Open
0.310053397,Open
0.299134182,Open
0.161274254,Blink
0.123347535,Blink
0.120494141,Blink
0.15018094,Blink
0.20959358,Blink
0.25867638,Open
0.293584525,Open
0.299376858,Open
0.303598607,Open
0.299140081,Open
0.307142605,Open
0.303442029,Open
0.302076318,Open
0.315226959,Open
0.295606939,Open
0.306553891,Open
0.157537609,Blink
0.134302239,Blink
0.15141316,Blink
0.101411817,Blink
0.119898097,Blink
0.149378348,Blink
0.181798795,Blink
0.222903588,Blink
0.256233173,Open
0.266586268,Open
0.274788717,Open
0.272092304,Open
0.271144991,Open
0.286569299,Open
0.254199497,Open
0.137782503,Blink
0.120458393,Blink
0.117792553,Blink
0.131332352,Blink
0.175496371,Blink
0.201673981,Blink
0.236007465,Blink
0.221902165,Open
0.252000764,Open
0.271265738,Open
0.289140114,Open
0.289466189,Open
0.272766332,Open
0.269476291,Open
0.256158598,Open
0.274752305,Open
0.267403729,Open
0.262263118,Open
0.272072704,Open
0.283451945,Open
0.292322144,Open
0.284266099,Open
0.285736157,Open
0.273391351,Open
0.295401721,Open
0.287708084,Open
0.275416003,Open
0.298898421,Open
0.282203835,Open
0.287109474,Open
0.282150605,Open
0.294208559,Open
0.282668535,Open
0.297529846,Open
0.286181965,Open
0.311457292,Open
0.327253804,Open
0.308763076,Open
0.307894621,Open
0.315630641,Open
0.31903525,Open
0.308086925,Open
0.297752405,Open
0.315186566,Open
0.308642305,Open
0.305804445,Open
0.324033276,Open
0.324610052,Open
0.314913129,Open
0.31106071,Open
0.317928744,Open
0.307934765,Open
0.313098759,Open
0.326550437,Open
0.327413381,Open
0.305131782,Open
0.311102541,Open
0.312429762,Open
0.345580454,Open
0.329251473,Open
0.317128167,Open
0.323725495,Open
0.323998877,Open
0.323222567,Open
0.318017225,Open
0.324610052,Open
0.328646609,Open
0.317747776,Open
0.311593077,Open
0.339098323,Open
0.323224497,Open
0.325316208,Open
0.318173597,Open
0.338795792,Open
0.327268724,Open
0.354970242,Open
0.329843278,Open
0.33037036,Open
0.348332889,Open
0.343990544,Open
0.34348404,Open
0.326655956,Open
0.326655956,Open
0.339874347,Open
0.330651363,Open
0.348647913,Open
0.346979607,Open
0.347143608,Open
0.349478557,Open
0.344678933,Open
0.355249258,Open
0.358413551,Open
0.354380203,Open
0.333613092,Open
0.346779184,Open
0.355928079,Open
0.354620646,Open
0.354454065,Open
0.357687769,Open
0.359164372,Open
0.356758277,Open
0.293454766,Open
0.15450596,Blink
0.146013023,Blink
0.149535523,Blink
0.165150158,Blink
0.214645159,Blink
0.262686602,Open
0.29577489,Open
0.32057716,Open
0.318110896,Open
0.320859374,Open
0.323525835,Open
0.360117866,Open
0.353655445,Open
0.347580526,Open
0.365964836,Open
0.357057885,Open
0.347824637,Open
0.345436884,Open
0.358689355,Open
0.366892403,Open
0.344631264,Open
0.362892315,Open
0.358913238,Open
0.363746252,Open
0.356013918,Open
0.346663663,Open
0.360449905,Open
0.362647584,Open
0.344534936,Open
0.345074654,Open
0.344591353,Open
0.341568825,Open
0.353170166,Open
0.368207944,Open
0.35698135,Open
0.344722572,Open
0.355415278,Open
0.358666727,Open
0.349582087,Open
0.346149292,Open
0.356091704,Open
0.342528859,Open
0.367403153,Open
0.353206061,Open
0.362612362,Open
0.359302539,Open
0.352153285,Open
0.352859336,Open
0.362964966,Open
0.358423593,Open
0.359167306,Open
0.358449555,Open
0.358761687,Open
0.358043442,Open
0.360946407,Open
0.366297913,Open
0.361891579,Open
0.347626205,Open
0.361207905,Open
0.362430651,Open
0.35165955,Open
0.372086978,Open
0.368294089,Open
0.365711481,Open
0.363489973,Open
0.354225052,Open
0.356985029,Open
0.372056158,Open
0.359251235,Open
0.366143749,Open
0.321394051,Open
0.176959237,Blink
0.137991312,Blink
0.152782588,Blink
0.19518825,Blink
0.235688953,Open
0.259893819,Open
0.284235319,Open
0.282010701,Open
0.282365584,Open
0.290207888,Open
0.29188101,Open
0.274055683,Open
0.281594003,Open
0.267934154,Open
0.278528829,Open
0.28865876,Open
0.274109554,Open
0.260005963,Open
0.278980455,Open
0.276743512,Open
0.275883814,Open
0.274055683,Open
0.288509059,Open
0.254439822,Open
0.259467837,Open
0.266165424,Open
0.260537088,Open
0.279587685,Open
0.260950168,Open
0.249551947,Open
0.277572051,Open
0.26231967,Open
0.274101967,Open
0.261324199,Open
0.252283708,Open
0.26841441,Open
0.27827535,Open
0.279844114,Open
0.279193861,Open
0.30044145,Open
0.299661205,Open
0.325093466,Open
0.313902844,Open
0.31332742,Open
0.304748583,Open
0.309018697,Open
0.319752605,Open
0.313846701,Open
0.326832571,Open
0.310083724,Open
0.320983029,Open
0.325978153,Open
0.33416343,Open
0.310123489,Open
0.335277072,Open
0.31780139,Open
0.31958428,Open
0.337508377,Open
0.195237158,Blink
0.122398471,Blink
0.106404806,Blink
0.136551752,Blink
0.185114963,Blink
0.234022626,Blink
0.268775153,Open
0.274392576,Open
0.289791025,Open
0.282542039,Open
0.289879619,Open
0.293311983,Open
0.27385385,Open
0.28195342,Open
0.279234745,Open
0.263705718,Open
0.29928184,Open
0.290411323,Open
0.310577931,Open
0.312034543,Open
0.301559132,Open
0.323100416,Open
0.310007516,Open
0.317488525,Open
0.326477541,Open
0.315741138,Open
0.326619967,Open
0.31918812,Open
0.31212001,Open
0.310421989,Open
0.306955621,Open
0.315741699,Open
0.324997579,Open
0.312152778,Open
0.326241135,Open
0.315331527,Open
0.335295269,Open
0.326390008,Open
0.324827948,Open
0.315481446,Open
0.328182564,Open
0.317860546,Open
0.326619967,Open
0.322693784,Open
0.322874699,Open
0.32103088,Open
0.32823377,Open
0.341382313,Open
0.326438675,Open
0.314227548,Open
0.317695998,Open
0.311960896,Open
0.310039037,Open
0.313887318,Open
0.303355505,Open
0.317133737,Open
0.315600398,Open
0.310691128,Open
0.319275096,Open
0.30512432,Open
0.306608557,Open
0.295721487,Open
0.293769647,Open
0.309853793,Open
0.301242233,Open
0.304311216,Open
0.30489225,Open
0.293640831,Open
0.28260399,Open
0.290378826,Open
0.302113215,Open
0.293534249,Open
0.2912362,Open
0.293885132,Open
0.289115864,Open
0.288344962,Open
0.285331933,Open
0.288357047,Open
0.293695404,Open
0.273709299,Open
0.268716705,Open
0.282196446,Open
0.289340648,Open
0.298156696,Open
0.314022803,Open
0.278277203,Open
0.294536532,Open
0.299403147,Open
0.295076008,Open
0.292832696,Open
0.294912184,Open
0.298078284,Open
0.287402063,Open
0.291420457,Open
0.283610096,Open
0.281364439,Open
0.294211871,Open
0.297852902,Open
0.294912184,Open
0.289971376,Open
0.2852759,Open
0.284981025,Open
0.278560611,Open
0.275644085,Open
0.277078312,Open
0.291543994,Open
0.280961212,Open
0.28352464,Open
0.298785405,Open
0.308648684,Open
0.328697636,Open
0.307238805,Open
0.313209511,Open
0.308238678,Open
0.323904926,Open
0.31598924,Open
0.29928037,Open
0.301204349,Open
0.283970773,Open
0.303850446,Open
0.306292606,Open
0.302607742,Open
0.297415232,Open
0.293855156,Open
0.300090604,Open
0.303884797,Open
0.305995607,Open
0.305355384,Open
0.224410813,Blink
0.114665479,Blink
0.097343218,Blink
0.11411507,Blink
0.129738297,Blink
0.168338268,Blink
0.196312898,Blink
0.221518808,Blink
0.245050375,Open
0.251009479,Open
0.257995212,Open
0.266394242,Open
0.27393723,Open
0.275092484,Open
0.285848297,Open
0.284586548,Open
0.299138192,Open
0.30052371,Open
0.316109255,Open
0.317544552,Open
0.324919564,Open
0.310671392,Open
0.318488581,Open
0.305017388,Open
0.307228324,Open
0.311109366,Open
0.292744806,Open
0.30395581,Open
0.310920231,Open
0.324630956,Open
0.310563522,Open
0.3109945,Open
0.311394149,Open
0.320150604,Open
0.310606061,Open
0.307802794,Open
0.298572415,Open
0.315957631,Open
0.32423921,Open
0.328569216,Open
0.332352466,Open
0.322841632,Open
0.312152778,Open
0.328611767,Open
0.325251582,Open
0.330976982,Open
0.338068182,Open
0.336108717,Open
0.356729695,Open
0.334112567,Open
0.344606443,Open
0.334021709,Open
0.336034081,Open
0.339319771,Open
0.343357115,Open
0.355526907,Open
0.350380518,Open
0.330540285,Open
0.352177518,Open
0.343099532,Open
0.346576712,Open
0.355690124,Open
0.348917015,Open
0.357541715,Open
0.349272609,Open
0.363905533,Open
0.350135183,Open
0.327580274,Open
0.342973441,Open
0.349972722,Open
0.325468272,Open
0.360614886,Open
0.346944371,Open
0.33245145,Open
0.330933102,Open
0.350308582,Open
0.350542979,Open
0.3470331,Open
0.347305667,Open
0.357777668,Open
0.35013594,Open
0.357941183,Open
0.361160564,Open
0.352341615,Open
0.348163825,Open
0.364247404,Open
0.34818377,Open
0.349555111,Open
0.350333896,Open
0.352501168,Open
0.366396731,Open
0.347043687,Open
0.35331884,Open
0.364038599,Open
0.366640026,Open
0.34570142,Open
0.353602558,Open
0.357777668,Open
0.347868439,Open
0.361518371,Open
0.35663084,Open
0.357675735,Open
0.357897863,Open
0.341534753,Open
0.352396052,Open
0.347366055,Open
0.35768508,Open
0.35579856,Open
0.366955642,Open
0.358578701,Open
0.366485824,Open
0.358594471,Open
0.349518656,Open
0.353778261,Open
0.352130896,Open
0.348230388,Open
0.356062505,Open
0.346781113,Open
0.355690635,Open
0.336138349,Open
0.343425333,Open
0.341822053,Open
0.339387988,Open
0.190151045,Blink
0.138161919,Blink
0.137480587,Blink
0.144818422,Blink
0.205824093,Blink
0.228755259,Blink
0.275868223,Open
0.301537448,Open
0.320411053,Open
0.30952604,Open
0.323749585,Open
0.308514812,Open
0.327360499,Open
0.324808024,Open
0.355119885,Open
0.352538981,Open
0.349105684,Open
0.355853853,Open
0.359848485,Open
0.351496916,Open
0.361668176,Open
0.349127487,Open
0.378973132,Open
0.360132462,Open
0.353827499,Open
0.347326419,Open
0.324096719,Open
0.314828386,Open
0.329290096,Open
0.326187469,Open
0.308376981,Open
0.309142849,Open
0.309696447,Open
0.336820348,Open
0.307124453,Open
0.321781955,Open
0.338020127,Open
0.321781955,Open
0.316490567,Open
0.314646553,Open
0.307711885,Open
0.175334152,Blink
0.146731616,Blink
0.148055661,Blink
0.19449429,Blink
0.223290299,Blink
0.256584768,Open
0.278853279,Open
0.317988479,Open
0.293753944,Open
0.316127435,Open
0.305513816,Open
0.321683668,Open
0.343425333,Open
0.316558107,Open
0.315739088,Open
0.305324681,Open
0.318697901,Open
0.325041715,Open
0.332653756,Open
0.320290041,Open
0.329429171,Open
0.332597443,Open
0.308778128,Open
0.311190767,Open
0.316212236,Open
0.332306994,Open
0.329637278,Open
0.318528057,Open
0.32179771,Open
0.321913336,Open
0.31481083,Open
0.321724153,Open
0.332480375,Open
0.343371887,Open
0.335924731,Open
0.33755967,Open
0.350169175,Open
0.351018552,Open
0.337186581,Open
0.351791299,Open
0.343754819,Open
0.35323191,Open
0.344581668,Open
0.373372395,Open
0.369163617,Open
0.370482903,Open
0.343534453,Open
0.359925021,Open
0.345800183,Open
0.349963843,Open
0.357221185,Open
0.359500279,Open
0.355333613,Open
0.348447246,Open
0.356158514,Open
0.351815529,Open
0.352266856,Open
0.357380435,Open
0.35578389,Open
0.34782274,Open
0.340543553,Open
0.332194512,Open
0.336023487,Open
0.35165543,Open
0.350107803,Open
0.351382619,Open
0.351770278,Open
0.349918592,Open
0.350453967,Open
0.35535323,Open
0.36222704,Open
0.347682734,Open
0.332119602,Open
0.350963608,Open
0.34783254,Open
0.342846127,Open
0.340719418,Open
0.342796248,Open
0.346043509,Open
0.354893329,Open
0.355051799,Open
0.353097156,Open
0.368250822,Open
0.378724988,Open
0.347673389,Open
0.368546917,Open
0.36216543,Open
0.36834593,Open
0.369023385,Open
0.34783254,Open
0.344353698,Open
0.363748732,Open
0.338616296,Open
0.35168512,Open
0.378236837,Open
0.359856384,Open
0.372753404,Open
0.366520119,Open
0.359570326,Open
0.368821615,Open
0.35785591,Open
0.35324586,Open
0.347219875,Open
0.368234543,Open
0.35324586,Open
0.351548998,Open
0.356589649,Open
0.375443229,Open
0.351640313,Open
0.35515552,Open
0.358038951,Open
0.349776965,Open
0.35498923,Open
0.351640313,Open
0.363899327,Open
0.372906045,Open
0.360676366,Open
0.363994216,Open
0.362716962,Open
0.358038951,Open
0.371360381,Open
0.337487142,Open
0.348043093,Open
0.363149843,Open
0.361395329,Open
0.33786819,Open
0.362822083,Open
0.361448057,Open
0.347301303,Open
0.365875922,Open
0.347682734,Open
0.345864093,Open
0.365059398,Open
0.355821775,Open
0.365537291,Open
0.356105119,Open
0.368442229,Open
0.357321983,Open
0.344744054,Open
0.346879721,Open
0.358593439,Open
0.368415386,Open
0.357288994,Open
0.362281669,Open
0.286804614,Open
0.125333508,Open
0.147073432,Open
0.165256696,Open
0.237194779,Open
0.288879632,Open
0.302025576,Open
0.32310913,Open
0.334542224,Open
0.338002588,Open
0.33446109,Open
0.345231064,Open
0.356639668,Open
0.359007549,Open
0.351775755,Open
0.361612744,Open
0.359007549,Open
0.340988327,Open
0.349081649,Open
0.336225511,Open
0.334103351,Open
0.340645468,Open
0.335393064,Open
0.355806941,Open
0.356873785,Open
0.348759743,Open
0.350010321,Open
0.342613281,Open
0.353483784,Open
0.337154228,Open
0.350245511,Open
0.340633136,Open
0.345135066,Open
0.350507596,Open
0.340003469,Open
0.348984189,Open
0.336017053,Open
0.345949159,Open
0.337822512,Open
0.332282225,Open
0.359225406,Open
0.343288632,Open
0.337834857,Open
0.340964888,Open
0.322247562,Open
0.345581054,Open
0.338413796,Open
0.344926498,Open
0.325138312,Open
0.346299382,Open
0.32517622,Open
0.339319575,Open
0.340523275,Open
0.340655815,Open
0.325584203,Open
0.318509515,Open
0.135006064,Blink
0.148232803,Blink
0.135780822,Blink
0.215644197,Blink
0.295488248,Open
0.312205332,Open
0.328021654,Open
0.32646348,Open
0.323902399,Open
0.322835796,Open
0.256056525,Blink
0.145777197,Blink
0.141187025,Blink
0.145548629,Blink
0.228720204,Blink
0.277262351,Open
0.294418378,Open
0.319859575,Open
0.329319579,Open
0.318629558,Open
0.33696869,Open
0.342218938,Open
0.347838721,Open
0.337460355,Open
0.342379165,Open
0.347311444,Open
0.342191638,Open
0.347745913,Open
0.338215026,Open
0.323971436,Open
0.314044238,Open
0.299943851,Open
0.19744061,Blink
0.168503844,Blink
0.186451263,Blink
0.249982223,Blink
0.287536418,Open
0.317554959,Open
0.31762656,Open
0.333772104,Open
0.338337875,Open
0.333639276,Open
0.345604166,Open
0.347087752,Open
0.347311444,Open
0.342218938,Open
0.334266931,Open
0.346836759,Open
0.347011293,Open
0.361159029,Open
0.352379464,Open
0.358092454,Open
0.338997766,Open
0.350719057,Open
0.349381105,Open
0.335184692,Open
0.336273422,Open
0.342823871,Open
0.353934577,Open
0.354507928,Open
0.349731407,Open
0.351575186,Open
0.345416765,Open
0.341715952,Open
0.342089342,Open
0.345628775,Open
0.36037293,Open
0.35197783,Open
0.352610172,Open
0.34258723,Open
0.35299917,Open
0.34251894,Open
0.355754403,Open
0.354887327,Open
0.357135113,Open
0.368354494,Open
0.363569565,Open
0.349978876,Open
0.355494068,Open
0.353218027,Open
0.362691847,Open
0.367441484,Open
0.366218995,Open
0.347682734,Open
0.358801531,Open
0.357105156,Open
0.350173538,Open
0.351875324,Open
0.353305502,Open
0.351807174,Open
0.355589398,Open
0.355367817,Open
0.357717937,Open
0.359028016,Open
0.36107018,Open
0.353304399,Open
0.352082539,Open
0.353154593,Open
0.357092979,Open
0.355491769,Open
0.345434485,Open
0.336498478,Open
0.359110488,Open
0.352362934,Open
0.349486333,Open
0.350357043,Open
0.361532041,Open
0.345644067,Open
0.349880575,Open
0.341078474,Open
0.3466538,Open
0.336530037,Open
0.184463198,Blink
0.173490837,Blink
0.190432931,Blink
0.28692357,Blink
0.317782621,Open
0.32914363,Open
0.349073904,Open
0.348968959,Open
0.337487357,Open
0.34923647,Open
0.349918592,Open
0.347015267,Open
0.3465194,Open
0.365613366,Open
0.354000919,Open
0.357397276,Open
0.339677584,Open
0.346726788,Open
0.346383848,Open
0.344615663,Open
0.350117967,Open
0.342536779,Open
0.328788047,Open
0.348909927,Open
0.337783881,Open
0.350890568,Open
0.342003178,Open
0.352154195,Open
0.349954749,Open
0.357487679,Open
0.353597049,Open
0.346598639,Open
0.341773849,Open
0.3507169,Open
0.356447124,Open
0.341614565,Open
0.341496599,Open
0.336403245,Open
0.335897164,Open
0.349052238,Open
0.344919815,Open
0.339934508,Open
0.334299629,Open
0.346417837,Open
0.330342979,Open
0.341652164,Open
0.342930752,Open
0.35696264,Open
0.3503006,Open
0.347672809,Open
0.341787964,Open
0.3427404,Open
0.355462412,Open
0.349954749,Open
0.349819198,Open
0.340891335,Open
0.346890005,Open
0.354447787,Open
0.350091973,Open
0.342570768,Open
0.346553389,Open
0.341451348,Open
0.360703417,Open
0.346553389,Open
0.346712672,Open
0.354440892,Open
0.347049288,Open
0.36519115,Open
0.366472498,Open
0.347957289,Open
0.358679609,Open
0.346194076,Open
0.350754574,Open
0.344909018,Open
0.341588265,Open
0.341451348,Open
0.341655882,Open
0.352559717,Open
0.340682698,Open
0.366424505,Open
0.346098538,Open
0.34667865,Open
0.33953903,Open
0.341624747,Open
0.341751071,Open
0.354752881,Open
0.343549225,Open
0.341614565,Open
0.344873955,Open
0.349219163,Open
0.340763795,Open
0.332409051,Open
0.336685923,Open
0.341787964,Open
0.32359209,Open
0.345093234,Open
0.340111846,Open
0.34729904,Open
0.349954749,Open
0.327507057,Open
0.336067043,Open
0.357979139,Open
0.346007617,Open
0.341755038,Open
0.341614565,Open
0.341619237,Open
0.341614565,Open
0.350789637,Open
0.347049288,Open
0.341947248,Open
0.344909018,Open
0.341451348,Open
0.360540321,Open
0.355508934,Open
0.337468727,Open
0.351818349,Open
0.353437766,Open
0.342003178,Open
0.33997111,Open
0.354739456,Open
0.351818647,Open
0.354285186,Open
0.352107573,Open
0.363880252,Open
0.354140064,Open
0.349073904,Open
0.359451874,Open
0.355326611,Open
0.355972592,Open
0.346580934,Open
0.345083032,Open
0.362937178,Open
0.357536048,Open
0.343864196,Open
0.348909927,Open
0.325866481,Open
0.354166667,Open
0.339182381,Open
0.350842162,Open
0.359501451,Open
0.350081159,Open
0.362929245,Open
0.341581639,Open
0.350790765,Open
0.341451348,Open
0.347510846,Open
0.3465194,Open
0.341787964,Open
0.344305462,Open
0.320277939,Open
0.169901215,Blink
0.178720269,Blink
0.220874266,Blink
0.271389865,Blink
0.287347359,Open
0.305296442,Open
0.308486518,Open
0.344087734,Open
0.354741842,Open
0.346541373,Open
0.346226835,Open
0.34977841,Open
0.348888518,Open
0.351139491,Open
0.347230525,Open
0.355373501,Open
0.346554023,Open
0.354401986,Open
0.365699576,Open
0.36774297,Open
0.362797105,Open
0.362902127,Open
0.348357057,Open
0.363211277,Open
0.349276679,Open
0.355984444,Open
0.35497024,Open
0.367307607,Open
0.341924882,Open
0.349276679,Open
0.356182282,Open
0.366458289,Open
0.352474826,Open
0.352406646,Open
0.349215206,Open
0.348493282,Open
0.370234682,Open
0.359492973,Open
0.345751777,Open
0.352011124,Open
0.348907108,Open
0.354151111,Open
0.357378498,Open
0.355838019,Open
0.354941901,Open
0.353963632,Open
0.337582521,Open
0.343534453,Open
0.35994666,Open
0.343581732,Open
0.338021243,Open
0.34516181,Open
0.353412088,Open
0.367284207,Open
0.37213285,Open
0.365988333,Open
0.380208333,Open
0.350153329,Open
0.359097725,Open
0.367345832,Open
0.372431615,Open
0.367230983,Open
0.381064417,Open
0.350765306,Open
0.355867347,Open
0.366715119,Open
0.368829647,Open
0.376062555,Open
0.359974894,Open
0.356564177,Open
0.361499292,Open
0.35658298,Open
0.356731101,Open
0.367148357,Open
0.367452158,Open
0.362927015,Open
0.363041864,Open
0.346739929,Open
0.368178987,Open
0.346856016,Open
0.357801148,Open
0.367469184,Open
0.366112134,Open
0.350881915,Open
0.366551545,Open
0.356128153,Open
0.361992426,Open
0.350849836,Open
0.357532115,Open
0.361057097,Open
0.362335092,Open
0.356128153,Open
0.368039219,Open
0.315133094,Open
0.161279611,Blink
0.139145002,Blink
0.171892668,Blink
0.211374177,Blink
0.245586548,Open
0.287780642,Open
0.315005012,Open
0.327888988,Open
0.318831251,Open
0.314599931,Open
0.31961355,Open
0.329510121,Open
0.315206681,Open
0.331035607,Open
0.320316437,Open
0.338210378,Open
0.362153661,Open
0.350323209,Open
0.334404256,Open
0.33989927,Open
0.339545333,Open
0.342045819,Open
0.35590898,Open
0.359000954,Open
0.332231427,Open
0.3472034,Open
0.34971175,Open
0.352894687,Open
0.363865064,Open
0.369177346,Open
0.359326594,Open
0.349250271,Open
0.337594697,Open
0.35287578,Open
0.355296622,Open
0.34000061,Open
0.347013109,Open
0.358827535,Open
0.336948315,Open
0.343208016,Open
0.358990137,Open
0.349250271,Open
0.323544503,Open
0.188007657,Blink
0.168045037,Blink
0.199883971,Blink
0.242976029,Blink
0.31858409,Open
0.342017165,Open
0.34780491,Open
0.343371887,Open
0.364755671,Open
0.35994666,Open
0.362248162,Open
0.367315152,Open
0.359613068,Open
0.357536048,Open
0.345614859,Open
0.352107573,Open
0.351061163,Open
0.35227079,Open
0.3465194,Open
0.352434008,Open
0.362248162,Open
0.35794515,Open
0.346726788,Open
0.364188311,Open
0.354168702,Open
0.362937178,Open
0.347059885,Open
0.363246392,Open
0.361833142,Open
0.352131011,Open
0.34938173,Open
0.352434008,Open
0.346890005,Open
0.357979139,Open
0.346890005,Open
0.356128153,Open
0.346856016,Open
0.356731101,Open
0.352718519,Open
0.356397252,Open
0.345781784,Open
0.362937178,Open
0.356581457,Open
0.34729904,Open
0.356731101,Open
0.36519115,Open
0.359833459,Open
0.339666569,Open
0.328836515,Open
0.323247178,Open
0.340078919,Open
0.349640847,Open
0.351629061,Open
0.351061163,Open
0.340873712,Open
0.338624699,Open
0.345391225,Open
0.349008749,Open
0.357300153,Open
0.361666217,Open
0.357979139,Open
0.355392186,Open
0.362917962,Open
0.346726788,Open
0.359649226,Open
0.355259175,Open
0.354249029,Open
0.351030094,Open
0.35227079,Open
0.364918238,Open
0.345614859,Open
0.354082104,Open
0.35442241,Open
0.345614859,Open
0.356564177,Open
0.351067951,Open
0.356397252,Open
0.334779913,Open
0.344008863,Open
0.340512819,Open
0.342832948,Open
0.348564319,Open
0.360132462,Open
0.343522704,Open
0.345959122,Open
0.336774934,Open
0.342427682,Open
0.347627974,Open
0.332340891,Open
0.337911779,Open
0.334431495,Open
0.334869069,Open
0.335179685,Open
0.332653756,Open
0.332496129,Open
0.337864917,Open
0.321608574,Open
0.337876714,Open
0.333349441,Open
0.346553389,Open
0.346886071,Open
0.354506652,Open
0.330668386,Open
0.34336793,Open
0.345792197,Open
0.343371887,Open
0.336049171,Open
0.341914288,Open
0.330483452,Open
0.343624699,Open
0.336581403,Open
0.332695328,Open
0.32668382,Open
0.335629253,Open
0.334398568,Open
0.338057844,Open
0.337566981,Open
0.332170789,Open
0.338231263,Open
0.336481297,Open
0.33953903,Open
0.343584252,Open
0.33067778,Open
0.336518259,Open
0.338023947,Open
0.341755038,Open
0.3242419,Open
0.3311482,Open
0.341393571,Open
0.330228752,Open
0.340644928,Open
0.334154394,Open
0.345759271,Open
0.316829872,Open
0.294716539,Open
0.320651041,Open
0.315846892,Open
0.327099791,Open
0.316130835,Open
0.321608574,Open
0.336481297,Open
0.326857201,Open
0.318396099,Open
0.329218603,Open
0.324091071,Open
0.311109366,Open
0.321608574,Open
0.327593116,Open
0.33691759,Open
0.341778487,Open
0.337779209,Open
0.328034528,Open
0.326395177,Open
0.313045062,Open
0.33412149,Open
0.320776399,Open
0.328153465,Open
0.337609084,Open
0.310827548,Open
0.329481557,Open
0.324449939,Open
0.326229168,Open
0.331010221,Open
0.327927615,Open
0.320240944,Open
0.331279901,Open
0.335317629,Open
0.314646282,Open
0.330540785,Open
0.323788285,Open
0.340300273,Open
0.345940187,Open
0.343779399,Open
0.340148311,Open
0.33288374,Open
0.326626643,Open
0.335938991,Open
0.321509384,Open
0.340308977,Open
0.329543726,Open
0.337514198,Open
0.335187143,Open
0.34631048,Open
0.336211035,Open
0.345260872,Open
0.352824316,Open
0.334041595,Open
0.330259628,Open
0.33462063,Open
0.340248764,Open
0.338461482,Open
0.332125919,Open
0.336243962,Open
0.330085102,Open
0.333308199,Open
0.318558859,Open
0.329688469,Open
0.337679969,Open
0.336654716,Open
0.319748323,Open
0.317728765,Open
0.337602008,Open
0.349731857,Open
0.334869069,Open
0.332393675,Open
0.32603988,Open
0.319748323,Open
0.32423921,Open
0.337880644,Open
0.33083695,Open
0.33083695,Open
0.323528942,Open
0.331926051,Open
0.319748323,Open
0.32391387,Open
0.334443292,Open
0.32423921,Open
0.32391387,Open
0.331106501,Open
0.335325123,Open
0.330236246,Open
0.323528942,Open
0.324850364,Open
0.321509384,Open
0.321509384,Open
0.343371887,Open
0.311194168,Open
0.332744294,Open
0.338374529,Open
0.326891136,Open
0.332567094,Open
0.338235045,Open
0.331483188,Open
0.338211668,Open
0.342609142,Open
0.337368041,Open
0.337269687,Open
0.333638047,Open
0.334615136,Open
0.321496212,Open
0.340060832,Open
0.340141571,Open
0.33360302,Open
0.328395817,Open
0.321892587,Open
0.332530027,Open
0.32381817,Open
0.318528057,Open
0.318747994,Open
0.318910722,Open
0.313659012,Open
0.321685396,Open
0.318558859,Open
0.317852131,Open
0.321685396,Open
0.343549225,Open
0.332990247,Open
0.335238774,Open
0.335588116,Open
0.328948964,Open
0.328960119,Open
0.31461548,Open
0.32339478,Open
0.332653756,Open
0.334550324,Open
0.321320395,Open
0.327273172,Open
0.321641342,Open
0.338377303,Open
0.327684806,Open
0.327499031,Open
0.338021243,Open
0.331419038,Open
0.310749297,Open
0.316098204,Open
0.320138898,Open
0.315739088,Open
0.322267457,Open
0.310766134,Open
0.330535346,Open
0.327099791,Open
0.325646047,Open
0.327099791,Open
0.321685396,Open
0.318369724,Open
0.318382927,Open
0.315974467,Open
0.331274225,Open
0.327672092,Open
0.308389749,Open
0.316433009,Open
0.310606061,Open
0.30099087,Open
0.298207364,Open
0.310531885,Open
0.294666529,Open
0.288908213,Open
0.29467818,Open
0.306597447,Open
0.3055578,Open
0.303919246,Open
0.293257085,Open
0.297794109,Open
0.298695341,Open
0.296106884,Open
0.284588082,Open
0.293181477,Open
0.284772322,Open
0.298247714,Open
0.296294853,Open
0.305194085,Open
0.298791487,Open
0.296155856,Open
0.295274617,Open
0.287223546,Open
0.286159949,Open
0.289632516,Open
0.298333965,Open
0.281748463,Open
0.300030046,Open
0.305727274,Open
0.300819025,Open
0.289229923,Open
0.314679222,Open
0.30974952,Open
0.314375262,Open
0.284225467,Open
0.157087898,Blink
0.128330072,Blink
0.12657764,Blink
0.122287282,Blink
0.127313935,Blink
0.082271164,Blink
0.08860579,Blink
0.073076392,Blink
0.075674089,Blink
0.104507062,Blink
0.121077292,Blink
0.086117498,Blink
0.075638907,Blink
0.173726895,Blink
0.170736518,Blink
0.089330333,Blink
0.071350304,Blink
0.07659228,Blink
0.08180753,Blink
0.079870422,Blink
0.083629084,Blink
0.082886372,Blink
0.089831727,Blink
0.086933917,Blink
0.117327497,Blink
0.135804165,Blink
0.107069817,Blink
0.134919931,Blink
0.194631662,Blink
0.252550292,Blink
0.27752114,Open
0.305397324,Open
0.285423568,Open
0.290654216,Open
0.304259467,Open
0.292756631,Open
0.268038136,Open
0.279278194,Open
0.271383564,Open
0.282244408,Open
0.292009675,Open
0.276158082,Open
0.296804632,Open
0.282103546,Open
0.273056996,Open
0.273829394,Open
0.279589037,Open
0.260160172,Open
0.287901634,Open
0.256680338,Open
0.288287824,Open
0.275253471,Open
0.274920095,Open
0.287262249,Open
0.288196198,Open
0.276094061,Open
0.287273648,Open
0.266184116,Open
0.26455599,Open
0.282687729,Open
0.279278456,Open
0.291645873,Open
0.290213142,Open
0.298270308,Open
0.30558646,Open
0.323572071,Open
0.303758818,Open
0.299639916,Open
0.286560208,Open
0.304527286,Open
0.311002815,Open
0.295915128,Open
0.29156518,Open
0.294967737,Open
0.303103673,Open
0.291233961,Open
0.280684475,Open
0.271962205,Open
0.294976849,Open
0.272935075,Open
0.265901223,Open
0.261161139,Open
0.274510266,Open
0.287952751,Open
0.281112394,Open
0.283769866,Open
0.289760168,Open
0.285734178,Open
0.287548689,Open
0.29202333,Open
0.291348069,Open
0.27170863,Open
0.288861883,Open
0.302254825,Open
0.283720841,Open
0.30317413,Open
0.27284137,Open
0.261010987,Open
0.263866155,Open
0.262338209,Open
0.262597087,Open
0.277056362,Open
0.27013439,Open
0.268361676,Open
0.264031945,Open
0.270810442,Open
0.274011708,Open
0.274849456,Open
0.280344282,Open
0.275573879,Open
0.27394334,Open
0.262856929,Open
0.269535898,Open
0.256543338,Open
0.251124138,Open
0.24465546,Open
0.259561247,Open
0.253462934,Open
0.239538885,Open
0.260711437,Open
0.255215515,Open
0.24196892,Open
0.269201935,Open
0.248489151,Open
0.245133328,Open
0.255069701,Open
0.251188261,Open
0.25596708,Open
0.249094297,Open
0.252403952,Open
0.240938416,Open
0.24255544,Open
0.239691864,Open
0.245619576,Open
0.260354888,Open
0.239134495,Open
0.229815867,Open
0.239170823,Open
0.244645809,Open
0.239176863,Open
0.250766606,Open
0.238885304,Open
0.236441632,Open
0.233164783,Open
0.235600254,Open
0.233354089,Open
0.239189679,Open
0.231021525,Open
0.233692362,Open
0.225171144,Open
0.228151246,Open
0.233692657,Open
0.236999006,Open
0.239232011,Open
0.229071814,Open
0.247413495,Open
0.259012795,Open
0.253365361,Open
0.264122757,Open
0.247496745,Open
0.270390679,Open
0.260243376,Open
0.253087497,Open
0.245256133,Open
0.261424804,Open
0.25010962,Open
0.256868452,Open
0.276731695,Open
0.280450932,Open
0.264942875,Open
0.262549285,Open
0.277078183,Open
0.283846568,Open
0.267708774,Open
0.243710002,Open
0.236858467,Open
0.261608444,Open
0.266481244,Open
0.250430609,Open
0.250584432,Open
0.271015108,Open
0.247910627,Open
0.252210803,Open
0.253396347,Open
0.275943278,Open
0.257860837,Open
0.261847469,Open
0.2599992,Open
0.262370106,Open
0.260635587,Open
0.272573295,Open
0.272982806,Open
0.278752659,Open
0.264658822,Open
0.276310268,Open
0.26551119,Open
0.278752659,Open
0.284834627,Open
0.283493466,Open
0.295570543,Open
0.273345092,Open
0.280013035,Open
0.279186013,Open
0.26994863,Open
0.275064415,Open
0.276188855,Open
0.205761407,Open
0.099519127,Blink
0.085741795,Blink
0.085745066,Blink
0.11698661,Blink
0.090233836,Blink
0.080874597,Blink
0.099261184,Blink
0.100567037,Blink
0.106388566,Blink
0.112895329,Blink
0.109285118,Blink
0.130438742,Blink
0.126847986,Blink
0.169101285,Blink
0.200168925,Blink
0.209592621,Open
0.210429395,Open
0.210457683,Open
0.218592697,Open
0.214159068,Open
0.217411266,Open
0.211800613,Open
0.218614545,Open
0.218068834,Open
0.217309024,Open
0.21799611,Open
0.222873109,Open
0.230704552,Open
0.22228878,Open
0.231316702,Open
0.223217319,Open
0.233679391,Open
0.236523404,Open
0.264345126,Open
0.261053728,Open
0.26115231,Open
0.283724698,Open
0.278077774,Open
0.271845172,Open
0.279854608,Open
0.212487394,Blink
0.095097855,Blink
0.086349008,Blink
0.096307492,Blink
0.154159597,Blink
0.193043178,Blink
0.230741347,Blink
0.236572167,Open
0.239268334,Open
0.147540306,Blink
0.122743189,Blink
0.139449776,Blink
0.190555749,Blink
0.228922647,Open
0.258972245,Open
0.263629944,Open
0.283186515,Open
0.290793963,Open
0.25810919,Open
0.269143631,Open
0.285282793,Open
0.290622561,Open
0.269022434,Open
0.277173913,Open
0.282817417,Open
0.278922872,Open
0.276595745,Open
0.2791126,Open
0.287628051,Open
0.293652321,Open
0.287201546,Open
0.279194038,Open
0.278892365,Open
0.287752655,Open
0.300094492,Open
0.294912872,Open
0.286396188,Open
0.288010101,Open
0.308371167,Open
0.298028326,Open
0.306393287,Open
0.310837169,Open
0.303179635,Open
0.303299955,Open
0.297305108,Open
0.32723683,Open
0.324963223,Open
0.319358552,Open
0.330093016,Open
0.324925873,Open
0.340780563,Open
0.337383828,Open
0.346078914,Open
0.326510692,Open
0.328478852,Open
0.310757096,Open
0.317919563,Open
0.322939155,Open
0.314337545,Open
0.31054313,Open
0.307571764,Open
0.307515253,Open
0.328216382,Open
0.310972965,Open
0.328425958,Open
0.312768153,Open
0.328473811,Open
0.321242417,Open
0.32661556,Open
0.32661556,Open
0.346204276,Open
0.338875154,Open
0.333596966,Open
0.338671889,Open
0.323239962,Open
0.330120761,Open
0.340785363,Open
0.3440283,Open
0.333682144,Open
0.328578974,Open
0.328578974,Open
0.287498014,Open
0.136463311,Blink
0.120810995,Blink
0.149841399,Blink
0.226665726,Blink
0.277382893,Open
0.301541142,Open
0.3106347,Open
0.295109336,Open
0.322795055,Open
0.305402696,Open
0.185429763,Blink
0.135967722,Blink
0.143503061,Blink
0.212065364,Blink
0.258646275,Open
0.292992765,Open
0.269995029,Open
0.198807714,Blink
0.231880152,Open
0.286568616,Open
0.163332615,Blink
0.106690832,Blink
0.114470307,Blink
0.131145492,Blink
0.18124848,Blink
0.208286754,Blink
0.247163844,Blink
0.262263118,Blink
0.251218697,Open
0.239448085,Open
0.239620019,Open
0.253032172,Open
0.265159854,Open
0.275016998,Open
0.300057318,Open
0.281428429,Open
0.261186879,Open
0.265974351,Open
0.276031003,Open
0.295769978,Open
0.291767264,Open
0.285495729,Open
0.276048209,Open
0.27975587,Open
0.290442927,Open
0.292518338,Open
0.289523151,Open
0.286765234,Open
0.285424211,Open
0.23496055,Open
0.159911391,Blink
0.111921636,Blink
0.139690919,Blink
0.206108714,Blink
0.209271386,Blink
0.263091658,Open
0.279549756,Open
0.289742698,Open
0.283344847,Open
0.28214263,Open
0.29352339,Open
0.310683386,Open
0.303266444,Open
0.30101071,Open
0.322992333,Open
0.300588589,Open
0.307255148,Open
0.333299085,Open
0.314697444,Open
0.313468541,Open
0.322741547,Open
0.329576537,Open
0.326136753,Open
0.316251182,Open
0.311151841,Open
0.312698911,Open
0.30498463,Open
0.303339906,Open
0.314667508,Open
0.330759152,Open
0.327466948,Open
0.319756737,Open
0.32101908,Open
0.328763568,Open
0.311104292,Open
0.337266236,Open
0.307294974,Open
0.311060535,Open
0.311656848,Open
0.300203963,Open
0.311653396,Open
0.303855939,Open
0.295532414,Open
0.327253511,Open
0.318732626,Open
0.307636847,Open
0.323104795,Open
0.316964157,Open
0.295258668,Open
0.149919742,Blink
0.132578624,Blink
0.115591267,Blink
0.131828351,Blink
0.188185243,Blink
0.218682738,Blink
0.263586132,Open
0.293214421,Open
0.298668378,Open
0.303941406,Open
0.328537855,Open
0.325350411,Open
0.326375501,Open
0.328026523,Open
0.324791534,Open
0.328227343,Open
0.336803165,Open
0.320617875,Open
0.326523289,Open
0.326242805,Open
0.329985715,Open
0.325681114,Open
0.334527406,Open
0.333020297,Open
0.328176877,Open
0.322369817,Open
0.334878012,Open
0.326016241,Open
0.328230237,Open
0.346037101,Open
0.347998629,Open
0.34327333,Open
0.335995507,Open
0.34777703,Open
0.353622688,Open
0.343806928,Open
0.343062279,Open
0.322392636,Open
0.34572987,Open
0.351342282,Open
0.338091139,Open
0.352378387,Open
0.353156118,Open
0.350287028,Open
0.347339616,Open
0.350703743,Open
0.347005084,Open
0.348958618,Open
0.35080801,Open
0.350081698,Open
0.339475391,Open
0.341989927,Open
0.335937321,Open
0.336831184,Open
0.345220649,Open
0.35248178,Open
0.355028934,Open
0.352990316,Open
0.35248178,Open
0.338064594,Open
0.347918682,Open
0.356353895,Open
0.362365557,Open
0.362158594,Open
0.347564146,Open
0.359774176,Open
0.375020461,Open
0.385378791,Open
0.380643997,Open
0.418191054,Open
0.396824943,Open
0.402908467,Open
0.403913709,Open
0.402611513,Open
0.407794531,Open
0.407718667,Open
0.412526686,Open
0.423935114,Open
0.40682582,Open
0.418216316,Open
0.417375883,Open
0.428963157,Open
0.409459173,Open
0.419956994,Open
0.429728409,Open
0.414620687,Open
0.418150913,Open
0.40643073,Open
0.427612634,Open
0.400589184,Open
0.379461976,Open
0.402851119,Open
0.398089569,Open
0.373588684,Open
0.390863513,Open
0.396187105,Open
0.385249339,Open
0.368794116,Open
0.383937175,Open
0.380262758,Open
0.379438386,Open
0.369560951,Open
0.372849452,Open
0.358268727,Open
0.360983763,Open
0.347454473,Open
0.345726863,Open
0.336461573,Open
0.338556715,Open
0.338743331,Open
0.340383642,Open
0.32788321,Open
0.344814589,Open
0.326750396,Open
0.327710129,Open
0.336060904,Open
0.32385134,Open
0.334806858,Open
0.329981346,Open
0.314432672,Open
0.315981883,Open
0.30450065,Open
0.303886009,Open
0.292789643,Open
0.310101836,Open
0.313478389,Open
0.304221661,Open
0.318482356,Open
0.307191084,Open
0.327530086,Open
0.30743197,Open
0.320051735,Open
0.306485908,Open
0.306838754,Open
0.317929581,Open
0.307105293,Open
0.287172924,Open
0.306833338,Open
0.297650474,Open
0.312927167,Open
0.294229096,Open
0.301765057,Open
0.304541076,Open
0.294188792,Open
0.304168539,Open
0.302533123,Open
0.297943821,Open
0.308428002,Open
0.313911755,Open
0.309691711,Open
0.319143716,Open
0.326382344,Open
0.322445701,Open
0.321756988,Open
0.310964641,Open
0.322308496,Open
0.318173597,Open
0.325870841,Open
0.323386124,Open
0.331130547,Open
0.342637731,Open
0.332375009,Open
0.323522292,Open
0.33832272,Open
0.331670312,Open
0.328188756,Open
0.335539564,Open
0.329917095,Open
0.33131075,Open
0.338526833,Open
0.331872613,Open
0.347447863,Open
0.3371616,Open
0.336975418,Open
0.344776975,Open
0.332034654,Open
0.331104005,Open
0.331128978,Open
0.328182214,Open
0.338742089,Open
0.335734312,Open
0.328571982,Open
0.326470579,Open
0.328600713,Open
0.318077428,Open
0.317486633,Open
0.334448733,Open
0.32871101,Open
0.332632681,Open
0.313264071,Open
0.31911422,Open
0.337065289,Open
0.338302214,Open
0.355806472,Open
0.34821682,Open
0.360911661,Open
0.332842082,Open
0.345497426,Open
0.361427278,Open
0.356935685,Open
0.356878912,Open
0.337470455,Open
0.171952643,Blink
0.135459,Blink
0.138413737,Blink
0.159285098,Blink
0.188669168,Blink
0.220182672,Blink
0.259000273,Blink
0.27130409,Open
0.283804197,Open
0.302520617,Open
0.310568273,Open
0.31675756,Open
0.337688713,Open
0.327803331,Open
0.318869149,Open
0.320039211,Open
0.330000417,Open
0.342919718,Open
0.33925806,Open
0.348943461,Open
0.346720452,Open
0.340745685,Open
0.326953535,Open
0.324198469,Open
0.337033266,Open
0.335355917,Open
0.332850353,Open
0.335104183,Open
0.328543675,Open
0.352866481,Open
0.334127229,Open
0.312572826,Open
0.323306585,Open
0.339594001,Open
0.344162075,Open
0.335779195,Open
0.340417672,Open
0.333222389,Open
0.349262059,Open
0.341480354,Open
0.334628785,Open
0.329543753,Open
0.338683887,Open
0.34249852,Open
0.333097632,Open
0.340315946,Open
0.334896581,Open
0.341480354,Open
0.3188279,Open
0.338799781,Open
0.330001176,Open
0.335462674,Open
0.35686666,Open
0.340877496,Open
0.346423071,Open
0.340417672,Open
0.330410415,Open
0.345467423,Open
0.340363732,Open
0.169924418,Blink
0.182582028,Blink
0.159777482,Blink
0.151010165,Blink
0.146215819,Blink
0.221057026,Blink
0.238151576,Blink
0.26579177,Open
0.276411596,Open
0.301967019,Open
0.290725497,Open
0.289863765,Open
0.298630291,Open
0.322063836,Open
0.317550141,Open
0.314524812,Open
0.305895964,Open
0.316374707,Open
0.312327273,Open
0.305711584,Open
0.332618962,Open
0.316676691,Open
0.328352917,Open
0.328872186,Open
0.349105684,Open
0.337932724,Open
0.356213876,Open
0.344014459,Open
0.34316306,Open
0.345581933,Open
0.333540583,Open
0.327174884,Open
0.354579387,Open
0.343429402,Open
0.348995745,Open
0.336394558,Open
0.332559782,Open
0.345830233,Open
0.345581933,Open
0.351665629,Open
0.354297477,Open
0.332726349,Open
0.337005121,Open
0.331467808,Open
0.360433232,Open
0.327132558,Open
0.304096859,Open
0.324688133,Open
0.320034495,Open
0.317066539,Open
0.327190435,Open
0.314737833,Open
0.33765688,Open
0.324762869,Open
0.320976436,Open
0.335199977,Open
0.349929899,Open
0.358760374,Open
0.364363339,Open
0.351974118,Open
0.344440324,Open
0.214790889,Blink
0.157456439,Blink
0.173996745,Blink
0.219783281,Blink
0.272057215,Open
0.313222523,Open
0.327786493,Open
0.327639154,Open
0.331660832,Open
0.340652828,Open
0.357125568,Open
0.332042869,Open
0.338698475,Open
0.333728807,Open
0.340430634,Open
0.342828315,Open
0.333765586,Open
0.336098696,Open
0.328261444,Open
0.352300654,Open
0.344232964,Open
0.35671101,Open
0.365893638,Open
0.342693523,Open
0.357010815,Open
0.358792608,Open
0.347771702,Open
0.376427998,Open
0.35530183,Open
0.369859912,Open
0.362630107,Open
0.356672575,Open
0.351266248,Open
0.35853818,Open
0.339234391,Open
0.341960848,Open
0.347242149,Open
0.358295742,Open
0.334795201,Open
0.341307412,Open
0.346541373,Open
0.347412282,Open
0.344742505,Open
0.339209416,Open
0.370236478,Open
0.354093886,Open
0.341053362,Open
0.350921177,Open
0.346551862,Open
0.351649658,Open
0.371413274,Open
0.352918499,Open
0.360512848,Open
0.367206787,Open
0.347385599,Open
0.361605117,Open
0.365900545,Open
0.360685906,Open
0.368657673,Open
0.366838273,Open
0.366894496,Open
0.377825955,Open
0.367642517,Open
0.365841525,Open
0.367840009,Open
0.367021633,Open
0.360693342,Open
0.380534823,Open
0.372655212,Open
0.384295905,Open
0.371451651,Open
0.377776684,Open
0.373771665,Open
0.373922195,Open
0.273295794,Blink
0.168027931,Blink
0.209006565,Blink
0.272520538,Blink
0.312233361,Open
0.350119408,Open
0.350471799,Open
0.35520472,Open
0.360615124,Open
0.359177591,Open
0.344299957,Open
0.371614747,Open
0.348152823,Open
0.355364446,Open
0.353545629,Open
0.347776706,Open
0.364857942,Open
0.375215253,Open
0.364194805,Open
0.366132732,Open
0.382099491,Open
0.353995231,Open
0.368657517,Open
0.359239015,Open
0.371845568,Open
0.385321108,Open
0.355671247,Open
0.359807214,Open
0.354448959,Open
0.375337176,Open
0.35429576,Open
0.361317693,Open
0.361300021,Open
0.354779061,Open
0.361608124,Open
0.355762493,Open
0.367386775,Open
0.366457075,Open
0.364673203,Open
0.36317834,Open
0.366959597,Open
0.355294202,Open
0.365918251,Open
0.35229804,Open
0.355539086,Open
0.349608254,Open
0.357653638,Open
0.371819405,Open
0.367524206,Open
0.355030736,Open
0.36011347,Open
0.349609128,Open
0.36078004,Open
0.372535462,Open
0.356933709,Open
0.356697069,Open
0.351352106,Open
0.355731769,Open
0.361931379,Open
0.361912699,Open
0.355756835,Open
0.36811841,Open
0.362290688,Open
0.358879157,Open
0.357028949,Open
0.368274504,Open
0.369428938,Open
0.357047629,Open
0.368605485,Open
0.360296739,Open
0.358960203,Open
0.366290312,Open
0.372750094,Open
0.364162514,Open
0.372294089,Open
0.37295366,Open
0.34653634,Open
0.348261072,Open
0.362816934,Open
0.376628346,Open
0.370773354,Open
0.353084856,Open
0.352672425,Open
0.235576551,Blink
0.179020537,Blink
0.176418687,Blink
0.195571124,Blink
0.230154155,Blink
0.243691869,Blink
0.303772087,Open
0.325862024,Open
0.343477109,Open
0.337322699,Open
0.360401484,Open
0.355258855,Open
0.355294202,Open
0.356567714,Open
0.352139969,Open
0.355615119,Open
0.352971713,Open
0.355932021,Open
0.363278973,Open
0.356268584,Open
0.369009782,Open
0.373058839,Open
0.371107233,Open
0.366185865,Open
0.371564048,Open
0.369013348,Open
0.36883423,Open
0.370510449,Open
0.373310181,Open
0.372717872,Open
0.377471545,Open
0.38343472,Open
0.358510476,Open
0.383972589,Open
0.372561367,Open
0.372967236,Open
0.373799796,Open
0.377992696,Open
0.370330042,Open
0.373156274,Open
0.366218995,Open
0.372843479,Open
0.362002969,Open
0.358198102,Open
0.352902729,Open
0.346215908,Open
0.374111145,Open
0.355304612,Open
0.359752152,Open
0.362220813,Open
0.367642517,Open
0.377299602,Open
0.373006375,Open
0.358443804,Open
0.362557812,Open
0.362712908,Open
0.365885462,Open
0.362866768,Open
0.357278517,Open
0.357405881,Open
0.360907719,Open
0.351700558,Open
0.364341515,Open
0.362938622,Open
0.384075755,Open
0.355459339,Open
0.353243143,Open
0.362707617,Open
0.355191471,Open
0.362860258,Open
0.37290321,Open
0.374435885,Open
0.37274104,Open
0.362553757,Open
0.367430279,Open
0.351760916,Open
0.370615387,Open
0.362866768,Open
0.376419961,Open
0.379046522,Open
0.372864791,Open
0.377402768,Open
0.368658304,Open
0.381269411,Open
0.372529191,Open
0.376582657,Open
0.36645716,Open
0.372864791,Open
0.358510476,Open
0.362812732,Open
0.369295548,Open
0.360907084,Open
0.37290321,Open
0.37290321,Open
0.359539056,Open
0.372822741,Open
0.363456003,Open
0.372993378,Open
0.364957122,Open
0.359450626,Open
0.364607184,Open
0.358303223,Open
0.36354475,Open
0.366209455,Open
0.359297704,Open
0.37104192,Open
0.228609335,Blink
0.164885198,Blink
0.188181926,Blink
0.26711857,Blink
0.307176441,Open
0.336092065,Open
0.347613008,Open
0.342941197,Open
0.348900876,Open
0.351745428,Open
0.357619166,Open
0.350780076,Open
0.367904327,Open
0.365947022,Open
